SUP_ID,STA_NM_ANFR,NAT_ID,latitude,longitude,SUP_NM_HAUT,COM_CD_INSEE
595961,0780220045,24,48.73111111111111,2.0380555555555553,"26,4",78406
595961,0782290157,24,48.73111111111111,2.0380555555555553,"26,4",78406
377774,0780160001,17,48.9775,2.0616666666666665,8,78015
377788,0780160003,17,49.02861111111111,1.6169444444444445,12,78391
377762,0780160004,17,48.87,2.1302777777777777,"5,5",78092
377082,0780160005,17,48.89416666666666,2.164722222222222,8,78146
878063,0780230004,17,48.76138888888889,1.9305555555555554,13,78383
881509,0780230018,19,48.692499999999995,2.0330555555555554,25,78160
877366,0780230026,17,48.94083333333333,2.035833333333333,10,78123
918006,0780230030,17,48.9775,1.6975,10,78354
241342,0780250002,17,48.77444444444444,2.0083333333333333,27,78621
241344,0780250002,17,48.772777777777776,2.0125,6,78621
3094511,0780250002,17,48.77361111111111,2.011111111111111,16,78621
40467,0782700183,38,48.78111111111111,2.1963888888888885,34,78640
40467,0780990047,38,48.78111111111111,2.1963888888888885,34,78640
575660,0780710001,11,48.549166666666665,1.791111111111111,40,78506
575366,0780710001,23,48.55,1.7941666666666665,40,78506
575646,0780710001,11,48.55,1.7916666666666665,40,78506
575751,0780710001,11,48.55027777777777,1.7941666666666665,20,78506
575753,0780710001,11,48.55138888888889,1.7913888888888887,20,78506
575434,0780710001,11,48.55166666666666,1.7933333333333332,40,78506
575749,0780710001,11,48.54861111111111,1.7919444444444443,40,78506
575755,0780710001,11,48.54972222222222,1.7955555555555553,20,78506
575757,0780710001,34,48.54861111111111,1.795,0,78506
85879,0782750055,10,48.91138888888889,2.0933333333333333,8,78551
46722,0782750355,23,48.970555555555556,1.7722222222222221,62,78501
40209,0782700052,38,48.791666666666664,2.1463888888888887,27,78646
1051685,0782750214,26,48.9,2.0052777777777777,11,78007
120388,0782750379,26,48.794999999999995,2.0466666666666664,30,78423
120388,0782700260,26,48.794999999999995,2.0466666666666664,30,78423
157595,0780030421,999999999,48.75666666666667,2.064722222222222,12,78356
170960,0780030405,999999999,49.06166666666666,1.5508333333333333,12,78337
249711,0782700188,38,48.94277777777778,2.031388888888889,"33,7",78123
268074,0782290274,38,48.98861111111111,1.7016666666666667,32,78362
268078,0782290276,23,48.726111111111116,1.896388888888889,11,78220
1045572,0782290296,38,48.927499999999995,2.193333333333333,23,78311
281186,0782290300,17,48.921388888888885,2.197222222222222,"14,5",78311
596263,0782700285,38,48.77111111111111,2.043611111111111,"18,5",78423
596263,0780990035,38,48.77111111111111,2.043611111111111,"18,5",78423
305346,0782700194,38,48.94027777777777,2.167777777777778,16,78586
299175,0782290324,26,48.720555555555556,1.8827777777777779,30,78220
305789,0782700283,38,48.80166666666666,2.1286111111111112,16,78646
311180,0780030588,38,48.77111111111111,2.070555555555556,11,78297
312429,0782290330,26,48.7625,1.975277777777778,20,78208
312446,0780030596,17,48.849444444444444,2.15,9,78126
311276,0782750621,38,48.779444444444444,2.2144444444444447,23,78640
311182,0780030591,42,48.975833333333334,1.9841666666666666,13,78643
316742,0782290338,17,48.919999999999995,2.019722222222222,30,78498
333561,0782700301,38,48.805277777777775,2.1422222222222222,"18,5",78646
329685,0782290363,23,48.68194444444444,2.0105555555555554,15,78162
330082,0782290365,48,48.99444444444445,1.8141666666666667,15,78267
336549,0780030634,17,48.79361111111111,1.5983333333333334,15,78310
345176,0782750657,38,48.78527777777778,2.058333333333333,"19,2",78297
345885,0782290383,17,49.00083333333333,1.6308333333333334,12,78531
348249,0782700292,26,48.79944444444444,1.9905555555555556,32,78165
348967,0780030645,17,48.77916666666667,2.2191666666666667,20,78640
349577,0782290384,10,48.91277777777778,2.1725,8,78124
465428,0780220069,26,49.038888888888884,1.6066666666666667,29,78255
465428,0782700289,26,49.038888888888884,1.6066666666666667,29,78255
465428,0782750429,26,49.038888888888884,1.6066666666666667,29,78255
465428,0782290443,26,49.038888888888884,1.6066666666666667,29,78255
352005,0782290385,17,48.85416666666667,2.136111111111111,21,78126
350369,0782700271,17,48.770833333333336,2.1475,"13,2",78322
365559,0780030651,17,48.894444444444446,2.1347222222222224,18,78650
365561,0780030652,17,48.74388888888889,2.0625,17,78356
365563,0780030653,17,48.96,1.855,10,78029
367360,0780030656,38,48.79805555555556,1.9711111111111113,23,78208
358173,0782290395,17,48.98888888888889,1.8955555555555554,18,78440
439613,0780220018,23,48.993611111111115,1.6805555555555554,50,78361
439613,0782290010,23,48.993611111111115,1.6805555555555554,50,78361
439613,0780300010,23,48.993611111111115,1.6805555555555554,50,78361
712785,0780220018,42,48.993611111111115,1.6805555555555554,3,78361
596877,0782700025,38,48.956944444444446,2.062222222222222,49,78005
596877,0782750040,38,48.956944444444446,2.062222222222222,49,78005
437760,0782290184,4,48.50666666666667,1.9183333333333332,33,78564
437760,0782700170,4,48.50666666666667,1.9183333333333332,33,78564
437760,0782750402,4,48.50666666666667,1.9183333333333332,33,78564
437760,0780990200,4,48.50666666666667,1.9183333333333332,33,78564
597229,0782290191,26,48.91416666666667,2.131111111111111,35,78418
597229,0782750706,26,48.91416666666667,2.131111111111111,35,78418
597229,0780990123,26,48.91416666666667,2.131111111111111,35,78418
597229,0782700514,26,48.91416666666667,2.131111111111111,35,78418
438816,0782290382,4,48.94583333333333,2.1302777777777777,42,78358
438816,0782700017,4,48.94583333333333,2.1302777777777777,42,78358
438816,0782750126,4,48.94583333333333,2.1302777777777777,42,78358
438816,0780030962,4,48.94583333333333,2.1302777777777777,42,78358
438816,0780990052,4,48.94583333333333,2.1302777777777777,42,78358
438819,0782290413,23,48.845,1.8727777777777779,29,78062
438819,0782700308,23,48.845,1.8727777777777779,29,78062
438819,0780990122,23,48.845,1.8727777777777779,29,78062
438819,0782750825,23,48.845,1.8727777777777779,29,78062
435203,0782290011,24,48.91583333333333,1.9002777777777777,83,78010
435203,0780220027,24,48.91583333333333,1.9002777777777777,83,78010
435203,0782700083,24,48.91583333333333,1.9002777777777777,83,78010
435203,0782750362,24,48.91583333333333,1.9002777777777777,83,78010
435203,0780990013,24,48.91583333333333,1.9002777777777777,83,78010
435203,0780031355,24,48.91583333333333,1.9002777777777777,83,78010
435203,0780160007,24,48.91583333333333,1.9002777777777777,83,78010
435203,0780031464,24,48.91583333333333,1.9002777777777777,83,78010
435203,0782050017,24,48.91583333333333,1.9002777777777777,83,78010
435203,0780031548,24,48.91583333333333,1.9002777777777777,83,78010
435203,0781670003,24,48.91583333333333,1.9002777777777777,83,78010
435203,0781670004,24,48.91583333333333,1.9002777777777777,83,78010
438503,0782750414,48,48.968611111111116,1.9663888888888887,30,78643
438503,0782290298,48,48.968611111111116,1.9663888888888887,30,78643
438547,0782750318,23,48.992222222222225,1.8461111111111113,21,78327
438547,0782290367,23,48.992222222222225,1.8461111111111113,21,78327
439424,0780130073,4,48.56638888888889,1.9430555555555555,48,78537
439424,0782290032,4,48.56638888888889,1.9430555555555555,48,78537
439424,0782700161,4,48.56638888888889,1.9430555555555555,48,78537
439424,0782750172,4,48.56638888888889,1.9430555555555555,48,78537
439424,0780130077,4,48.56638888888889,1.9430555555555555,48,78537
439424,0780130078,4,48.56638888888889,1.9430555555555555,48,78537
439424,0780990096,4,48.56638888888889,1.9430555555555555,48,78537
439424,0780220091,4,48.56638888888889,1.9430555555555555,48,78537
439887,0782290256,38,48.973333333333336,1.6913888888888888,20,78354
439887,0782750111,38,48.973333333333336,1.6913888888888888,20,78354
440548,0782290139,20,48.882222222222225,1.8616666666666668,34,78415
440548,0782700109,20,48.882222222222225,1.8616666666666668,34,78415
440548,0782750840,20,48.882222222222225,1.8616666666666668,34,78415
437034,0782750256,38,48.94,2.015,"20,5",78123
440799,0782290415,17,48.83777777777778,2.1005555555555557,13,78158
435210,0782290258,17,48.82277777777778,1.9947222222222223,19,78165
440167,0782290145,17,48.687777777777775,2.0605555555555553,55,78575
440167,0782700143,17,48.687777777777775,2.0605555555555553,55,78575
440167,0782750704,17,48.687777777777775,2.0605555555555553,55,78575
440208,0782700090,31,48.80361111111111,1.8147222222222223,"30,2",78389
440208,0782750450,31,48.80361111111111,1.8147222222222223,"30,2",78389
435366,0780220039,26,48.57777777777778,1.735,38,78209
435366,0782700243,26,48.57777777777778,1.735,38,78209
435366,0782750600,26,48.57777777777778,1.735,38,78209
435366,0782290402,26,48.57777777777778,1.735,38,78209
437711,0782700121,23,48.62555555555556,1.7694444444444444,35,78269
437711,0782750412,23,48.62555555555556,1.7694444444444444,35,78269
437711,0780460304,23,48.62555555555556,1.7694444444444444,35,78269
436667,0782700004,4,48.835,2.145,"49,6",78158
436667,0782750673,4,48.835,2.145,"49,6",78158
436667,0780990080,4,48.835,2.145,"49,6",78158
436673,0782290263,38,48.93805555555555,2.1805555555555554,"21,5",78586
436673,0782750269,38,48.93805555555555,2.1805555555555554,"21,5",78586
436673,0780990332,38,48.93805555555555,2.1805555555555554,"21,5",78586
439909,0780220040,23,48.993611111111115,1.625,31,78531
439909,0782290219,23,48.993611111111115,1.625,31,78531
439909,0782700328,23,48.993611111111115,1.625,31,78531
439909,0782750860,23,48.993611111111115,1.625,31,78531
442104,0782290252,23,48.65861111111111,1.8419444444444446,54,78517
442104,0782700085,23,48.65861111111111,1.8419444444444446,54,78517
442104,0782750197,23,48.65861111111111,1.8419444444444446,54,78517
442104,0780990009,23,48.65861111111111,1.8419444444444446,54,78517
442104,0780130076,23,48.65861111111111,1.8419444444444446,54,78517
442104,0780464301,23,48.65861111111111,1.8419444444444446,54,78517
442104,0781670001,23,48.65861111111111,1.8419444444444446,54,78517
435922,0782290093,23,48.696666666666665,1.848888888888889,50,78486
435922,0782700074,23,48.696666666666665,1.848888888888889,50,78486
435922,0782750207,23,48.696666666666665,1.848888888888889,50,78486
435922,0780990077,23,48.696666666666665,1.848888888888889,50,78486
437363,0782700274,48,48.941111111111105,1.871388888888889,37,78049
437363,0782750588,48,48.941111111111105,1.871388888888889,37,78049
437363,0780990372,48,48.941111111111105,1.871388888888889,37,78049
434808,0782290412,23,48.98305555555556,1.7575,28,78335
437447,0780220057,23,48.76861111111111,1.783611111111111,52,78289
437447,0782290342,23,48.76861111111111,1.783611111111111,52,78289
437447,0782700159,23,48.76861111111111,1.783611111111111,52,78289
437447,0782750539,23,48.76861111111111,1.783611111111111,52,78289
442411,0780030726,20,48.86666666666667,2.093055555555556,15,78372
457800,0782700054,23,48.73583333333333,1.8383333333333334,30,78108
457800,0782290134,23,48.73583333333333,1.8383333333333334,30,78108
457800,0780990206,23,48.73583333333333,1.8383333333333334,30,78108
457800,0782750991,23,48.73583333333333,1.8383333333333334,30,78108
442524,0782700212,38,49.01361111111111,2.088888888888889,31,78172
442524,0782750201,38,49.01361111111111,2.088888888888889,31,78172
450314,0780220005,4,48.79944444444444,1.7033333333333334,60,78263
450314,0782290034,4,48.79944444444444,1.7033333333333334,60,78263
450314,0782700011,4,48.79944444444444,1.7033333333333334,60,78263
450314,0782750505,4,48.79944444444444,1.7033333333333334,60,78263
450314,0780230022,4,48.79944444444444,1.7033333333333334,60,78263
450314,0780990411,4,48.79944444444444,1.7033333333333334,60,78263
448276,0782750598,26,48.818333333333335,1.903611111111111,25,78442
443355,0782700048,4,48.85444444444445,1.8191666666666666,47,78364
443355,0782290417,4,48.85444444444445,1.8191666666666666,47,78364
443355,0782750838,4,48.85444444444445,1.8191666666666666,47,78364
446132,0782750370,26,48.96666666666667,1.6880555555555556,28,78354
446132,0782290267,26,48.96666666666667,1.6880555555555556,28,78354
446139,0782750675,38,48.99444444444445,1.9141666666666666,"37,7",78440
452024,0780220067,4,49.01694444444444,1.71,56,78239
452029,0782290419,38,48.86527777777778,2.0900000000000003,33,78372
452029,0782700262,38,48.86527777777778,2.0900000000000003,33,78372
452029,0782751172,38,48.86527777777778,2.0900000000000003,33,78372
458122,0782750001,23,48.97277777777778,2.043333333333333,38,78015
458088,0780030731,17,48.62777777777778,1.8286111111111112,10,78517
458152,0780220058,31,49.074444444444445,1.5130555555555556,26,78320
458152,0782700276,31,49.074444444444445,1.5130555555555556,26,78320
458152,0782290325,31,49.074444444444445,1.5130555555555556,26,78320
458152,0782750491,31,49.074444444444445,1.5130555555555556,26,78320
452226,0782750515,4,48.63361111111111,1.9427777777777777,41,78125
452226,0782290085,4,48.63361111111111,1.9427777777777777,41,78125
452226,0782700305,4,48.63361111111111,1.9427777777777777,41,78125
452226,0780990322,4,48.63361111111111,1.9427777777777777,41,78125
468633,0782290280,4,48.641666666666666,2.0055555555555555,"39,9",78120
468633,0782700245,4,48.641666666666666,2.0055555555555555,"39,9",78120
468633,0780990360,4,48.641666666666666,2.0055555555555555,"39,9",78120
468633,0782751100,4,48.641666666666666,2.0055555555555555,"39,9",78120
468658,0782700278,23,48.83777777777778,1.9005555555555556,"27,5",78550
468658,0782290478,23,48.83777777777778,1.9005555555555556,"27,5",78550
468658,0780460319,23,48.83777777777778,1.9005555555555556,"27,5",78550
468658,0782750850,23,48.83777777777778,1.9005555555555556,"27,5",78550
450498,0782290379,38,48.82638888888889,2.125,29,78158
450498,0782700055,38,48.82638888888889,2.125,29,78158
450498,0782750190,38,48.82638888888889,2.125,29,78158
450498,0780031178,38,48.82638888888889,2.125,29,78158
450498,0780990177,38,48.82638888888889,2.125,29,78158
450502,0782290106,26,48.79861111111111,1.5980555555555558,36,78310
450502,0782700038,26,48.79861111111111,1.5980555555555558,36,78310
450502,0782750297,26,48.79861111111111,1.5980555555555558,36,78310
450502,0780220097,26,48.79861111111111,1.5980555555555558,36,78310
465422,0782750636,23,48.66888888888889,1.8686111111111112,40,78655
465422,0782290381,23,48.66888888888889,1.8686111111111112,40,78655
465422,0782700310,23,48.66888888888889,1.8686111111111112,40,78655
465422,0780990119,23,48.66888888888889,1.8686111111111112,40,78655
465422,0782670501,23,48.66888888888889,1.8686111111111112,40,78655
453351,0782290301,23,48.904444444444444,1.8497222222222223,40,78380
453351,0782700059,23,48.904444444444444,1.8497222222222223,40,78380
453351,0782750123,23,48.904444444444444,1.8497222222222223,40,78380
453351,0780990002,23,48.904444444444444,1.8497222222222223,40,78380
451343,0782700062,31,49.0025,1.8977777777777778,42,78299
451343,0782750245,31,49.0025,1.8977777777777778,42,78299
451343,0782290421,31,49.0025,1.8977777777777778,42,78299
451343,0780990003,31,49.0025,1.8977777777777778,42,78299
451755,0782290072,4,48.89111111111111,1.6652777777777776,44,78185
451755,0782700039,4,48.89111111111111,1.6652777777777776,44,78185
451755,0782750107,4,48.89111111111111,1.6652777777777776,44,78185
459743,0782290197,38,48.78388888888889,2.168611111111111,32,78640
459743,0782700030,38,48.78388888888889,2.168611111111111,32,78640
462000,0782750235,38,48.77472222222222,1.9825000000000002,"32,6",78621
462000,0782700265,38,48.77472222222222,1.9825000000000002,"32,6",78621
462000,0780990034,38,48.77472222222222,1.9825000000000002,"32,6",78621
461724,0782290272,17,48.98972222222222,1.7177777777777778,23,78361
461724,0782700254,17,48.98972222222222,1.7177777777777778,23,78361
461724,0780990024,17,48.98972222222222,1.7177777777777778,23,78361
461724,0782750757,17,48.98972222222222,1.7177777777777778,23,78361
461731,0782750068,26,48.78638888888889,2.1533333333333333,38,78646
463604,0782290089,26,48.6975,2.0327777777777776,32,78160
463604,0782750180,26,48.6975,2.0327777777777776,32,78160
463604,0780990188,26,48.6975,2.0327777777777776,32,78160
469766,0782750248,4,48.973055555555554,1.8472222222222223,41,78029
469766,0782290196,4,48.973055555555554,1.8472222222222223,41,78029
469766,0780990039,4,48.973055555555554,1.8472222222222223,41,78029
469782,0782290265,23,48.70583333333334,2.0555555555555554,28,78160
469800,0782700060,23,48.79666666666667,2.100277777777778,29,78646
469800,0782290251,23,48.79666666666667,2.100277777777778,29,78646
478623,0782750028,38,48.94499999999999,2.2013888888888893,61,78586
475297,0782750447,31,48.94277777777778,1.5430555555555554,"27,8",78107
475297,0782700500,31,48.94277777777778,1.5430555555555554,"27,8",78107
467551,0780130075,33,48.66361111111111,1.746388888888889,83,78497
467551,0782290004,33,48.66361111111111,1.746388888888889,83,78497
467551,0782700169,33,48.66361111111111,1.746388888888889,83,78497
467551,0782750439,33,48.66361111111111,1.746388888888889,83,78497
467551,0780180025,33,48.66361111111111,1.746388888888889,83,78497
467551,0780990040,33,48.66361111111111,1.746388888888889,83,78497
467551,0780220089,33,48.66361111111111,1.746388888888889,83,78497
463678,0782290297,23,49.02194444444444,1.9058333333333333,"25,7",78261
463678,0782700213,23,49.02194444444444,1.9058333333333333,"25,7",78261
463678,0782750380,23,49.02194444444444,1.9058333333333333,"25,7",78261
463678,0780990117,23,49.02194444444444,1.9058333333333333,"25,7",78261
469502,0782700182,38,48.79694444444444,2.136388888888889,"28,4",78646
469502,0782290372,38,48.79694444444444,2.136388888888889,"28,4",78646
469502,0780990012,38,48.79694444444444,2.136388888888889,"28,4",78646
465314,0782700056,38,48.976111111111116,1.985,"44,1",78643
465314,0782750148,38,48.976111111111116,1.985,"44,1",78643
465314,0780990021,38,48.976111111111116,1.985,"44,1",78643
465314,0782290634,38,48.976111111111116,1.985,"44,1",78643
469607,0782750018,38,48.92722222222222,2.189722222222222,23,78311
461720,0782290234,23,48.88944444444444,2.0844444444444448,44,78551
461720,0782700187,23,48.88944444444444,2.0844444444444448,44,78551
461720,0782750169,23,48.88944444444444,2.0844444444444448,44,78551
461720,0781650030,23,48.88944444444444,2.0844444444444448,44,78551
461720,0781650028,23,48.88944444444444,2.0844444444444448,44,78551
461720,0781650026,23,48.88944444444444,2.0844444444444448,44,78551
461720,0781650025,23,48.88944444444444,2.0844444444444448,44,78551
461720,0780990019,23,48.88944444444444,2.0844444444444448,44,78551
461720,0781650045,23,48.88944444444444,2.0844444444444448,44,78551
465998,0782700158,4,48.98361111111111,1.8047222222222223,45,78267
465998,0782750122,4,48.98361111111111,1.8047222222222223,45,78267
460412,0782290390,4,48.788333333333334,2.124722222222222,40,78646
460412,0782700266,4,48.788333333333334,2.124722222222222,40,78646
460412,0782750146,4,48.788333333333334,2.124722222222222,40,78646
460412,0780990058,4,48.788333333333334,2.124722222222222,40,78646
460700,0782700195,4,48.995,1.6994444444444445,29,78361
460700,0782750377,4,48.995,1.6994444444444445,29,78361
460700,0780990004,4,48.995,1.6994444444444445,29,78361
460852,0780300050,4,48.55583333333333,1.9191666666666665,65,78499
460852,0782750117,4,48.55583333333333,1.9191666666666665,65,78499
460852,0782700464,4,48.55583333333333,1.9191666666666665,65,78499
460852,0780990197,4,48.55583333333333,1.9191666666666665,65,78499
465955,0782290373,10,48.79833333333333,1.9133333333333333,"5,8",78321
465955,0782750679,10,48.79833333333333,1.9133333333333333,"5,8",78321
466815,0782290201,32,48.836111111111116,2.088611111111111,9,78043
466885,0782700269,26,48.82777777777778,1.9755555555555557,20,78165
467036,0782290406,4,49.03444444444444,1.5675,"54,8",78089
467036,0782700312,4,49.03444444444444,1.5675,"54,8",78089
467036,0782750203,4,49.03444444444444,1.5675,"54,8",78089
467036,0780990068,4,49.03444444444444,1.5675,"54,8",78089
467109,0782290128,23,48.73361111111111,2.001388888888889,39,78561
467109,0782700115,23,48.73361111111111,2.001388888888889,39,78561
467109,0782750171,23,48.73361111111111,2.001388888888889,39,78561
467109,0780990184,23,48.73361111111111,2.001388888888889,39,78561
471957,0782290115,4,48.56888888888889,1.7672222222222222,34,78470
471957,0782700163,4,48.56888888888889,1.7672222222222222,34,78470
471957,0782750799,4,48.56888888888889,1.7672222222222222,34,78470
471957,0780990221,4,48.56888888888889,1.7672222222222222,34,78470
537920,0780030768,17,48.97805555555556,1.713611111111111,18,78362
604166,0780030819,4,48.922777777777775,2.0380555555555553,30,78498
1246785,0782290426,20,48.814166666666665,2.141111111111111,18,78646
486253,0782290425,23,48.84,2.1097222222222225,41,78158
486253,0782700043,23,48.84,2.1097222222222225,41,78158
486253,0780180004,23,48.84,2.1097222222222225,41,78158
486253,0780990044,23,48.84,2.1097222222222225,41,78158
472961,0782290422,48,48.831388888888895,1.8683333333333334,27,78443
473420,0780300007,23,48.78861111111111,1.9716666666666667,56,78208
473420,0782290260,23,48.78861111111111,1.9716666666666667,56,78208
473420,0782700231,23,48.78861111111111,1.9716666666666667,56,78208
473420,0780230021,23,48.78861111111111,1.9716666666666667,56,78208
473420,0780990008,23,48.78861111111111,1.9716666666666667,56,78208
473420,0782750722,23,48.78861111111111,1.9716666666666667,56,78208
473420,0780180023,23,48.78861111111111,1.9716666666666667,56,78208
512722,0780030072,23,48.968333333333334,1.743888888888889,45,78291
512722,0782290107,23,48.968333333333334,1.743888888888889,45,78291
512722,0782700275,23,48.968333333333334,1.743888888888889,45,78291
512722,0782750854,23,48.968333333333334,1.743888888888889,45,78291
512722,0780600038,23,48.968333333333334,1.743888888888889,45,78291
512722,0780990429,23,48.968333333333334,1.743888888888889,45,78291
474246,0782700191,38,48.97666666666667,1.9158333333333333,"45,4",78440
474246,0782750227,38,48.97666666666667,1.9158333333333333,"45,4",78440
474246,0780990102,38,48.97666666666667,1.9158333333333333,"45,4",78440
476568,0782290170,38,48.75833333333333,1.9663888888888887,45,78644
477651,0782290273,23,48.96472222222223,1.8102777777777779,40,78217
477651,0782700177,23,48.96472222222223,1.8102777777777779,40,78217
477651,0780990076,23,48.96472222222223,1.8102777777777779,40,78217
477651,0782750847,23,48.96472222222223,1.8102777777777779,40,78217
483343,0782290168,49,48.88361111111111,2.013888888888889,7,78233
483343,0782700095,49,48.88361111111111,2.013888888888889,7,78233
483343,0782750681,49,48.88361111111111,2.013888888888889,7,78233
483343,0780990397,49,48.88361111111111,2.013888888888889,7,78233
483525,0782050002,26,48.842222222222226,2.093611111111111,30,78043
483525,0782290393,26,48.842222222222226,2.093611111111111,30,78043
492931,0782700108,32,48.79944444444444,1.7466666666666668,"7,5",78513
492931,0782750286,32,48.79944444444444,1.7466666666666668,"7,5",78513
604679,0780030074,23,48.939722222222215,1.9525,45,78431
604679,0782700045,23,48.939722222222215,1.9525,45,78431
604679,0782750849,23,48.939722222222215,1.9525,45,78431
604679,0780600035,23,48.939722222222215,1.9525,45,78431
604679,0780990536,23,48.939722222222215,1.9525,45,78431
482505,0782290424,10,48.90972222222222,2.081944444444445,10,78551
485154,0782050001,26,48.915277777777774,2.077777777777778,66,78551
485154,0782290005,26,48.915277777777774,2.077777777777778,66,78551
485154,0782700102,26,48.915277777777774,2.077777777777778,66,78551
485154,0780990026,26,48.915277777777774,2.077777777777778,66,78551
485154,0780220084,26,48.915277777777774,2.077777777777778,66,78551
485154,0782750788,26,48.915277777777774,2.077777777777778,66,78551
485154,0780180028,26,48.915277777777774,2.077777777777778,66,78551
482251,0782290214,38,48.78138888888889,2.046111111111111,35,78297
482255,0782290241,23,48.85444444444445,1.9155555555555555,"20,1",78615
483246,0782750680,10,48.97777777777778,1.7108333333333332,"6,6",78362
483465,0782290202,49,48.84861111111111,2.0733333333333337,"9,9",78043
483465,0782700094,49,48.84861111111111,2.0733333333333337,"9,9",78043
483465,0782750682,49,48.84861111111111,2.0733333333333337,"9,9",78043
483465,0780990394,49,48.84861111111111,2.0733333333333337,"9,9",78043
480664,0782700009,23,48.698611111111106,2.0555555555555554,43,78160
480664,0782750056,23,48.698611111111106,2.0555555555555554,43,78160
480664,0782650102,23,48.698611111111106,2.0555555555555554,43,78160
480664,0782650103,23,48.698611111111106,2.0555555555555554,43,78160
480664,0782650105,23,48.698611111111106,2.0555555555555554,43,78160
480664,0782650106,23,48.698611111111106,2.0555555555555554,43,78160
480664,0780990020,23,48.698611111111106,2.0555555555555554,43,78160
480664,0782650130,23,48.698611111111106,2.0555555555555554,43,78160
480664,0782290542,23,48.698611111111106,2.0555555555555554,43,78160
537895,0782700197,38,48.79944444444444,2.151111111111111,"33,8",78646
537895,0782750255,38,48.79944444444444,2.151111111111111,"33,8",78646
537895,0780990114,38,48.79944444444444,2.151111111111111,"33,8",78646
508208,0782290249,23,49.025277777777774,1.5936111111111113,30,78255
508208,0782700309,23,49.025277777777774,1.5936111111111113,30,78255
508208,0782750857,23,49.025277777777774,1.5936111111111113,30,78255
508208,0780990231,23,49.025277777777774,1.5936111111111113,30,78255
508208,0780220100,23,49.025277777777774,1.5936111111111113,30,78255
494654,0782700198,38,48.78444444444444,1.9808333333333334,32,78621
601800,0782700180,38,48.931666666666665,2.0444444444444443,"46,5",78498
601800,0782750027,38,48.931666666666665,2.0444444444444443,"46,5",78498
493550,0780300044,38,48.99333333333333,1.913611111111111,40,78440
492824,0782750460,17,48.808055555555555,2.046111111111111,12,78242
602742,0782750702,10,48.90611111111111,2.056388888888889,"7,4",78551
501074,0780030754,17,48.781666666666666,2.1505555555555556,15,78322
511289,0782290302,26,48.76888888888889,1.9394444444444445,32,78383
511289,0782700258,26,48.76888888888889,1.9394444444444445,32,78383
511292,0782700028,26,48.75861111111111,1.9149999999999998,28,78383
511292,0782290329,26,48.75861111111111,1.9149999999999998,28,78383
511294,0782750658,38,48.765277777777776,1.9347222222222222,31,78383
511029,0782290151,23,49.01,1.8877777777777778,32,78299
511029,0782700311,23,49.01,1.8877777777777778,32,78299
507483,0782700241,23,48.754444444444445,1.8572222222222223,40,78576
507483,0782290454,23,48.754444444444445,1.8572222222222223,40,78576
519458,0782750260,26,49.01222222222222,2.1213888888888888,"33,8",78172
519458,0782290332,26,49.01222222222222,2.1213888888888888,"33,8",78172
519458,0780990081,26,49.01222222222222,2.1213888888888888,"33,8",78172
519458,0782700748,26,49.01222222222222,2.1213888888888888,"33,8",78172
512784,0780600022,23,48.566111111111105,1.9783333333333335,33,78349
512784,0782700162,23,48.566111111111105,1.9783333333333335,33,78349
512784,0782750816,23,48.566111111111105,1.9783333333333335,33,78349
514487,0782700067,4,49.06472222222222,1.6652777777777776,"26,8",78410
601178,0782290009,4,48.834722222222226,2.145,75,78158
601178,0780030991,4,48.834722222222226,2.145,75,78158
601178,0780031546,4,48.834722222222226,2.145,75,78158
601178,0780031547,4,48.834722222222226,2.145,75,78158
601178,0782050020,4,48.834722222222226,2.145,75,78158
509560,0782750283,23,48.84305555555556,2.103888888888889,32,78350
510835,0782700247,48,48.85861111111111,2.108888888888889,35,78350
510835,0782290430,48,48.85861111111111,2.108888888888889,35,78350
510842,0782750372,23,48.84444444444445,1.6991666666666667,37,78465
510842,0780990097,23,48.84444444444445,1.6991666666666667,37,78465
510842,0782700501,23,48.84444444444445,1.6991666666666667,37,78465
618808,0782700291,26,48.92388888888889,2.0016666666666665,25,78466
618808,0780600034,26,48.92388888888889,2.0016666666666665,25,78466
615344,0780220052,23,48.4975,1.8958333333333333,30,78071
615344,0782290359,23,48.4975,1.8958333333333333,30,78071
510791,0782700220,23,48.713055555555556,2.097777777777778,47,78575
510791,0782290431,23,48.713055555555556,2.097777777777778,47,78575
526265,0782700099,26,48.775555555555556,2.093611111111111,34,78297
526265,0782290098,26,48.775555555555556,2.093611111111111,34,78297
530634,0782700145,26,48.80166666666666,1.9494444444444445,25,78490
530543,0782750231,20,48.757777777777775,2.0505555555555555,26,78688
530550,0782290178,38,48.89,2.153888888888889,31,78146
530550,0782700222,38,48.89,2.153888888888889,31,78146
524594,0782290207,4,48.98277777777778,1.906388888888889,65,78440
524594,0780990025,4,48.98277777777778,1.906388888888889,65,78440
524594,0780034272,4,48.98277777777778,1.906388888888889,65,78440
525761,0782750664,4,48.95333333333333,1.605,"42,5",78385
525761,0782700496,4,48.95333333333333,1.605,"42,5",78385
526911,0782700117,38,48.7975,2.0675000000000003,19,78545
526776,0782290392,26,49.025555555555556,1.6108333333333333,"31,5",78255
526776,0782750212,26,49.025555555555556,1.6108333333333333,"31,5",78255
526776,0782700322,26,49.025555555555556,1.6108333333333333,"31,5",78255
526776,0780990022,26,49.025555555555556,1.6108333333333333,"31,5",78255
518734,0780620501,23,48.963055555555556,1.7472222222222222,37,78291
518734,0780620505,23,48.963055555555556,1.7472222222222222,37,78291
518734,0780620506,23,48.963055555555556,1.7472222222222222,37,78291
518734,0780620507,23,48.963055555555556,1.7472222222222222,37,78291
518734,0780620508,23,48.963055555555556,1.7472222222222222,37,78291
518734,0780620512,23,48.963055555555556,1.7472222222222222,37,78291
518734,0780620515,23,48.963055555555556,1.7472222222222222,37,78291
518734,0780600020,23,48.963055555555556,1.7472222222222222,37,78291
518734,0780620517,23,48.963055555555556,1.7472222222222222,37,78291
518734,0780620519,23,48.963055555555556,1.7472222222222222,37,78291
518734,0780600021,23,48.963055555555556,1.7472222222222222,37,78291
518734,0780620647,23,48.963055555555556,1.7472222222222222,37,78291
518734,0782670500,23,48.963055555555556,1.7472222222222222,37,78291
518734,0780620601,23,48.963055555555556,1.7472222222222222,37,78291
601815,0782700174,38,48.993611111111115,1.9130555555555555,35,78440
518562,0782290437,23,49.005,1.6033333333333335,"42,8",78531
518562,0780220064,23,49.005,1.6033333333333335,"42,8",78531
518562,0780030073,23,49.005,1.6033333333333335,"42,8",78531
518562,0782700100,23,49.005,1.6033333333333335,"42,8",78531
518562,0782750241,23,49.005,1.6033333333333335,"42,8",78531
518562,0780600040,23,49.005,1.6033333333333335,"42,8",78531
518562,0780990354,23,49.005,1.6033333333333335,"42,8",78531
512191,0782290092,38,48.84861111111111,2.136388888888889,34,78126
512191,0782750280,38,48.84861111111111,2.136388888888889,34,78126
512326,0782290414,26,48.79722222222222,2.0108333333333333,28,78423
512326,0782700251,26,48.79722222222222,2.0108333333333333,28,78423
512326,0780990094,26,48.79722222222222,2.0108333333333333,28,78423
513601,0782700296,26,48.778055555555554,1.65,25,78263
513601,0782750828,26,48.778055555555554,1.65,25,78263
526364,0782700282,23,48.82888888888889,1.646388888888889,35,78520
526364,0782750589,23,48.82888888888889,1.646388888888889,35,78520
526364,0782290518,23,48.82888888888889,1.646388888888889,35,78520
526364,0780990227,23,48.82888888888889,1.646388888888889,35,78520
513357,0782700066,20,48.64666666666667,1.823888888888889,56,78517
513357,0782750198,20,48.64666666666667,1.823888888888889,56,78517
526876,0782700157,23,48.825,1.8941666666666666,32,78683
526876,0782750674,23,48.825,1.8941666666666666,32,78683
526782,0782700240,38,48.99027777777778,1.7116666666666667,"25,6",78361
526782,0782750121,38,48.99027777777778,1.7116666666666667,"25,6",78361
532167,0782290175,23,48.743611111111115,2.045,"36,7",78356
532167,0782700107,23,48.743611111111115,2.045,"36,7",78356
532167,0782750252,23,48.743611111111115,2.045,"36,7",78356
532167,0780220046,23,48.743611111111115,2.045,"36,7",78356
532763,0782700185,38,48.973888888888894,2.006111111111111,21,78624
532763,0782750066,38,48.973888888888894,2.006111111111111,21,78624
532763,0780990496,38,48.973888888888894,2.006111111111111,21,78624
534687,0782290275,23,48.948611111111106,2.0097222222222224,"28,1",78624
534687,0782700193,23,48.948611111111106,2.0097222222222224,"28,1",78624
534687,0780990115,23,48.948611111111106,2.0097222222222224,"28,1",78624
532385,0782750688,17,48.761944444444445,1.9166666666666665,13,78383
535077,0782700136,23,48.99027777777778,1.76,"52,3",78335
535077,0780990043,23,48.99027777777778,1.76,"52,3",78335
532540,0782700081,38,48.99805555555556,2.0975,25,78172
532540,0782750118,38,48.99805555555556,2.0975,25,78172
532540,0780990492,38,48.99805555555556,2.0975,25,78172
532596,0782750021,38,48.80333333333333,2.165833333333333,"32,1",78686
532703,0782750061,38,48.89527777777778,2.068888888888889,"48,2",78551
532838,0782750263,38,48.98388888888889,1.7225000000000001,"27,2",78361
532838,0782290305,38,48.98388888888889,1.7225000000000001,"27,2",78361
532838,0780990101,38,48.98388888888889,1.7225000000000001,"27,2",78361
533413,0782750564,38,48.79805555555556,2.066111111111111,18,78545
535469,0782750228,38,48.99277777777778,2.0894444444444447,"22,3",78172
524118,0782290391,23,48.85944444444445,1.857777777777778,"38,7",78062
524118,0782750691,23,48.85944444444445,1.857777777777778,"38,7",78062
524118,0782700329,23,48.85944444444445,1.857777777777778,"38,7",78062
524118,0780990010,23,48.85944444444445,1.857777777777778,"38,7",78062
524176,0782750267,17,48.78055555555555,1.9666666666666668,27,78208
524176,0782290411,17,48.78055555555555,1.9666666666666668,27,78208
521801,0782290254,4,48.8,1.9094444444444443,39,78321
521801,0782700033,4,48.8,1.9094444444444443,39,78321
521801,0782750178,4,48.8,1.9094444444444443,39,78321
521801,0781650024,4,48.8,1.9094444444444443,39,78321
521801,0781650022,4,48.8,1.9094444444444443,39,78321
521801,0781650020,4,48.8,1.9094444444444443,39,78321
521801,0781650019,4,48.8,1.9094444444444443,39,78321
521801,0780990005,4,48.8,1.9094444444444443,39,78321
521801,0781650043,4,48.8,1.9094444444444443,39,78321
521696,0782290150,17,48.82833333333333,1.9977777777777779,"28,5",78674
521696,0782750238,17,48.82833333333333,1.9977777777777779,"28,5",78674
521645,0782290354,4,48.66555555555556,1.9680555555555557,72,78128
521645,0782700020,4,48.66555555555556,1.9680555555555557,72,78128
521645,0782750665,4,48.66555555555556,1.9680555555555557,72,78128
525128,0782290155,38,48.76722222222222,2.0391666666666666,22,78423
821404,0780220076,23,48.98222222222223,1.6208333333333333,26,78484
821404,0782290449,23,48.98222222222223,1.6208333333333333,26,78484
821404,0780462326,23,48.98222222222223,1.6208333333333333,26,78484
794061,0782700003,4,48.79277777777778,2.1327777777777777,"36,5",78646
794061,0780030956,4,48.79277777777778,2.1327777777777777,"36,5",78646
800626,0782700208,38,49.000277777777775,1.6797222222222221,54,78361
759435,0782700032,4,48.71388888888889,1.8858333333333333,72,78220
759435,0782750707,4,48.71388888888889,1.8858333333333333,72,78220
759435,0780030982,4,48.71388888888889,1.8858333333333333,72,78220
759435,0780990060,4,48.71388888888889,1.8858333333333333,72,78220
748342,0780600027,11,48.45055555555556,1.9105555555555556,18,78009
761798,0780600026,26,48.529444444444444,1.847777777777778,18,78003
764043,0780600016,23,48.995555555555555,1.7944444444444443,35,78314
786928,0782700250,23,48.782777777777774,2.209166666666667,36,78640
800997,0782750708,17,48.78111111111111,2.2208333333333337,18,78640
816597,0782290408,48,48.91611111111111,1.9797222222222224,31,78466
816597,0782700249,48,48.91611111111111,1.9797222222222224,31,78466
816603,0782290410,38,48.98027777777778,1.7108333333333332,"16,8",78362
870212,0782700196,26,48.818333333333335,1.9538888888888888,32,78490
870228,0782700238,23,48.93666666666666,1.743888888888889,"58,2",78291
870228,0780230013,23,48.93666666666666,1.743888888888889,"58,2",78291
870228,0782750827,23,48.93666666666666,1.743888888888889,"58,2",78291
870238,0782700101,38,48.81722222222223,2.148888888888889,"18,5",78646
870250,0782700302,17,48.84777777777778,2.1494444444444443,12,78126
798518,0782700219,23,48.978611111111114,2.0655555555555556,"39,9",78015
798518,0782750288,23,48.978611111111114,2.0655555555555556,"39,9",78015
798518,0780990255,23,48.978611111111114,2.0655555555555556,"39,9",78015
799802,0782290396,23,48.70194444444445,1.895,37,78030
799802,0782700098,23,48.70194444444445,1.895,37,78030
799802,0782750813,23,48.70194444444445,1.895,37,78030
804105,0780030918,38,48.7875,2.0491666666666664,15,78423
816446,0782750440,38,48.80722222222222,2.1555555555555554,19,78646
816626,0782290350,23,48.92444444444444,1.6827777777777777,28,78677
816664,0782290353,23,48.868611111111115,2.1133333333333333,"29,2",78350
816664,0782700200,23,48.868611111111115,2.1133333333333333,"29,2",78350
816664,0782750714,23,48.868611111111115,2.1133333333333333,"29,2",78350
816664,0780990453,23,48.868611111111115,2.1133333333333333,"29,2",78350
816692,0782700306,26,48.79361111111111,2.075277777777778,15,78646
816692,0782290369,26,48.79361111111111,2.075277777777778,15,78646
816694,0782290376,10,48.91583333333333,2.0244444444444443,8,78498
816696,0782290377,10,48.91222222222222,2.1805555555555554,9,78124
816700,0782290387,23,48.559444444444445,1.9116666666666666,"30,5",78537
816702,0782290389,38,48.78388888888889,2.0669444444444447,14,78297
799769,0782700216,38,48.947222222222216,2.0641666666666665,18,78498
809116,0782290264,23,48.772777777777776,2.1283333333333334,36,78117
809116,0782700041,23,48.772777777777776,2.1283333333333334,36,78117
809116,0782750102,23,48.772777777777776,2.1283333333333334,36,78117
809116,0781650007,23,48.772777777777776,2.1283333333333334,36,78117
809116,0781650008,23,48.772777777777776,2.1283333333333334,36,78117
809116,0781650010,23,48.772777777777776,2.1283333333333334,36,78117
809116,0781650012,23,48.772777777777776,2.1283333333333334,36,78117
809116,0781650039,23,48.772777777777776,2.1283333333333334,36,78117
809116,0780990258,23,48.772777777777776,2.1283333333333334,36,78117
791784,0782290447,26,48.69083333333333,1.8552777777777778,30,78486
791784,0780460305,26,48.69083333333333,1.8552777777777778,30,78486
785693,0782700223,31,48.816944444444445,2.048611111111111,"16,2",78242
785693,0782750666,31,48.816944444444445,2.048611111111111,"16,2",78242
790313,0782700024,17,48.956944444444446,2.169722222222222,"32,5",78358
790313,0782750281,17,48.956944444444446,2.169722222222222,"32,5",78358
790313,0780990121,17,48.956944444444446,2.169722222222222,"32,5",78358
816476,0782290232,38,48.87416666666667,2.138611111111111,20,78190
816494,0782290239,26,48.867222222222225,1.785,34,78616
816494,0780220088,26,48.867222222222225,1.785,34,78616
816521,0782290243,26,48.73583333333333,1.9077777777777778,24,78168
816567,0782290262,4,48.46472222222223,1.8777777777777778,42,78478
816575,0782290268,23,48.76444444444444,2.116388888888889,"31,5",78117
816575,0782750302,23,48.76444444444444,2.116388888888889,"31,5",78117
816575,0780990090,23,48.76444444444444,2.116388888888889,"31,5",78117
816583,0782290269,26,48.96361111111111,1.8336111111111113,30,78217
816583,0782700272,26,48.96361111111111,1.8336111111111113,30,78217
816583,0780990182,26,48.96361111111111,1.8336111111111113,30,78217
816583,0782751024,26,48.96361111111111,1.8336111111111113,30,78217
816583,0780600037,26,48.96361111111111,1.8336111111111113,30,78217
816589,0782290271,38,48.81444444444444,2.1502777777777777,28,78646
816589,0782750315,38,48.81444444444444,2.1502777777777777,28,78646
816589,0780990051,38,48.81444444444444,2.1502777777777777,28,78646
816595,0782290278,23,48.51916666666666,1.8341666666666667,33,78003
816605,0782290279,38,48.99722222222222,1.7094444444444443,21,78361
794135,0782700069,26,48.909166666666664,2.029166666666667,25,78133
794158,0782750433,23,48.909444444444446,2.0280555555555555,31,78133
817353,0782700323,4,49.011944444444445,1.7816666666666665,"25,7",78296
817353,0782750834,4,49.011944444444445,1.7816666666666665,"25,7",78296
797912,0782700330,23,48.89694444444444,1.6802777777777775,42,78591
797912,0781650032,23,48.89694444444444,1.6802777777777775,42,78591
797912,0780130079,23,48.89694444444444,1.6802777777777775,42,78591
797912,0780130080,23,48.89694444444444,1.6802777777777775,42,78591
797912,0780130081,23,48.89694444444444,1.6802777777777775,42,78591
797912,0780990056,23,48.89694444444444,1.6802777777777775,42,78591
797912,0782750837,23,48.89694444444444,1.6802777777777775,42,78591
797925,0782700146,26,48.759166666666665,2.0441666666666665,16,78688
815595,0782290104,23,48.8775,2.125,29,78190
815695,0782290112,38,48.94222222222222,2.0322222222222224,30,78123
815712,0782290116,26,48.8,1.9638888888888888,30,78490
815712,0782700261,26,48.8,1.9638888888888888,30,78490
815714,0782290124,26,48.973055555555554,2.17,18,78551
815725,0782290126,26,48.90972222222222,2.0294444444444446,20,78133
815749,0782290137,20,48.94416666666666,1.8319444444444444,22,78230
815749,0782700079,20,48.94416666666666,1.8319444444444444,22,78230
815749,0782750877,20,48.94416666666666,1.8319444444444444,22,78230
786207,0782290130,4,48.657222222222224,1.6758333333333333,41,78307
786673,0782290446,23,48.969722222222224,1.87,42,78238
787180,0782700295,38,48.784166666666664,2.0405555555555552,"33,4",78423
816569,0782290286,23,48.988055555555555,1.7663888888888888,27,78501
816581,0782290288,23,48.6025,2.005,29,78120
816615,0782290291,23,48.98111111111111,2.0786111111111114,25,78005
816634,0782290335,38,48.9,2.158611111111111,21,78146
816654,0782750108,38,48.84861111111111,2.1516666666666664,"23,1",78126
816654,0780990107,38,48.84861111111111,2.1516666666666664,"23,1",78126
816654,0782290336,38,48.84861111111111,2.1516666666666664,"23,1",78126
816662,0782290337,20,48.74277777777778,1.9627777777777777,34,78397
816662,0782750443,20,48.74277777777778,1.9627777777777777,34,78397
816666,0782290339,20,48.81361111111111,1.8994444444444445,26,78442
816668,0782290340,23,48.65416666666667,1.8497222222222223,23,78517
816672,0782290341,24,48.76083333333333,2.062777777777778,"21,1",78688
816672,0782700206,24,48.76083333333333,2.062777777777778,"21,1",78688
835021,0782750015,38,48.779444444444444,1.9894444444444446,40,78621
835021,0780990028,38,48.779444444444444,1.9894444444444446,40,78621
835027,0780350001,17,48.78527777777778,2.0725000000000002,24,78297
835027,0782750069,17,48.78527777777778,2.0725000000000002,24,78297
835027,0780031170,17,48.78527777777778,2.0725000000000002,24,78297
835029,0782750472,17,48.803888888888885,2.1416666666666666,"20,5",78646
835031,0782750156,38,48.89527777777778,2.154166666666667,17,78146
835052,0782750206,38,48.801111111111105,2.1238888888888887,23,78646
835054,0782750208,38,48.86083333333333,2.1397222222222223,20,78092
835060,0782750221,26,48.79361111111111,2.075555555555556,12,78646
835068,0782750242,26,48.81916666666667,1.9538888888888888,32,78490
781408,0782700221,38,48.90611111111111,2.153611111111111,"16,5",78418
796927,0782290261,38,48.913888888888884,2.1975,26,78124
796927,0782700128,38,48.913888888888884,2.1975,26,78124
815673,0782290047,4,49.0175,1.5680555555555555,"36,1",78089
815697,0782290053,38,48.78194444444444,1.8161111111111112,"19,5",78420
815718,0782290075,4,48.98277777777778,2.0125,20,78624
815720,0782290078,38,48.801111111111105,2.1530555555555555,27,78646
815733,0782290079,17,48.928888888888885,2.0455555555555556,19,78498
815751,0782290088,4,48.62222222222222,1.9077777777777778,39,78164
815751,0782700022,4,48.62222222222222,1.9077777777777778,39,78164
815751,0782750801,4,48.62222222222222,1.9077777777777778,39,78164
815751,0780990167,4,48.62222222222222,1.9077777777777778,39,78164
815763,0782290097,26,48.81916666666667,1.9555555555555555,30,78490
815767,0782700202,23,48.988055555555555,1.975,32,78642
815783,0782290102,17,48.62555555555556,1.7697222222222222,25,78269
839856,0782700255,26,48.99861111111111,1.6925000000000001,26,78361
839856,0782290303,26,48.99861111111111,1.6925000000000001,26,78361
839864,0782700138,38,48.80583333333333,2.1327777777777777,17,78646
839864,0782290331,38,48.80583333333333,2.1327777777777777,17,78646
839903,0782290345,26,49.00555555555555,1.9019444444444444,"29,5",78299
839909,0782700164,26,48.975833333333334,1.7197222222222224,27,78362
839909,0782290351,26,48.975833333333334,1.7197222222222224,27,78362
825453,0782750711,23,48.98583333333333,2.111388888888889,"37,1",78005
540185,0782700149,38,48.811388888888885,2.1352777777777776,"30,5",78646
540185,0782750251,38,48.811388888888885,2.1352777777777776,"30,5",78646
540185,0780990016,38,48.811388888888885,2.1352777777777776,"30,5",78646
614862,0780220050,23,48.90222222222222,2.004722222222222,25,78007
614862,0782290039,23,48.90222222222222,2.004722222222222,25,78007
614862,0782700070,23,48.90222222222222,2.004722222222222,25,78007
614862,0782751033,23,48.90222222222222,2.004722222222222,25,78007
539145,0782750154,38,48.769444444444446,1.9544444444444444,32,78208
539145,0780990037,38,48.769444444444446,1.9544444444444444,32,78208
615301,0780220051,26,48.530277777777776,1.913611111111111,29,78564
615301,0782290346,26,48.530277777777776,1.913611111111111,29,78564
615301,0782700281,26,48.530277777777776,1.913611111111111,29,78564
615301,0780990178,26,48.530277777777776,1.913611111111111,29,78564
615301,0782750815,26,48.530277777777776,1.913611111111111,29,78564
545399,0782290025,38,48.87416666666667,2.096388888888889,29,78372
545405,0782700087,38,48.87638888888889,2.089166666666667,24,78372
545407,0782750011,38,48.87222222222222,2.095555555555556,23,78372
545412,0782290062,23,48.86638888888889,2.0355555555555553,44,78571
545412,0782750147,23,48.86638888888889,2.0355555555555553,44,78571
545412,0782700018,23,48.86638888888889,2.0355555555555553,44,78571
545412,0780990539,23,48.86638888888889,2.0355555555555553,44,78571
545418,0782750266,38,48.87444444444444,2.081666666666667,20,78372
536461,0782290103,4,49.02055555555555,1.4836111111111112,42,78147
536461,0780620700,4,49.02055555555555,1.4836111111111112,42,78147
536461,0782700072,4,49.02055555555555,1.4836111111111112,42,78147
536461,0782750153,4,49.02055555555555,1.4836111111111112,42,78147
536461,0780990160,4,49.02055555555555,1.4836111111111112,42,78147
619485,0782700235,26,48.7675,2.0033333333333334,52,78621
614506,0780220049,38,48.92166666666667,2.0327777777777776,"20,4",78498
614506,0782290203,38,48.92166666666667,2.0327777777777776,"20,4",78498
614506,0782700215,38,48.92166666666667,2.0327777777777776,"20,4",78498
614506,0782750894,38,48.92166666666667,2.0327777777777776,"20,4",78498
544123,0782700142,38,48.800555555555555,2.1866666666666665,26,78686
546396,0782700035,38,48.76833333333333,1.9491666666666667,"32,3",78208
546396,0782290558,38,48.76833333333333,1.9491666666666667,"32,3",78208
536847,0782700063,4,48.89611111111111,2.141388888888889,47,78650
536847,0782750168,4,48.89611111111111,2.141388888888889,47,78650
536847,0780990041,4,48.89611111111111,2.141388888888889,47,78650
538407,0780030150,4,48.899166666666666,2.083888888888889,55,78551
538407,0782290194,4,48.899166666666666,2.083888888888889,55,78551
538407,0782750131,4,48.899166666666666,2.083888888888889,55,78551
538407,0780030955,4,48.899166666666666,2.083888888888889,55,78551
538407,0780990171,4,48.899166666666666,2.083888888888889,55,78551
538407,0782700006,4,48.899166666666666,2.083888888888889,55,78551
544017,0780220059,23,49.02638888888889,1.5583333333333333,35,78089
544017,0782290352,23,49.02638888888889,1.5583333333333333,35,78089
544017,0782700179,23,49.02638888888889,1.5583333333333333,35,78089
544017,0782750726,23,49.02638888888889,1.5583333333333333,35,78089
544017,0780990078,23,49.02638888888889,1.5583333333333333,35,78089
535978,0782700189,20,48.87916666666667,2.1463888888888887,44,78190
535978,0782750130,20,48.87916666666667,2.1463888888888887,44,78190
535978,0780990174,20,48.87916666666667,2.1463888888888887,44,78190
545310,0782700263,38,48.93861111111111,2.1863888888888887,"12,6",78586
545336,0782750628,48,48.776944444444446,1.8033333333333335,26,78420
545336,0782700495,48,48.776944444444446,1.8033333333333335,26,78420
531373,0782290429,26,48.64861111111111,1.8230555555555557,35,78517
532728,0782290386,26,48.7275,2.0844444444444448,"26,5",78356
532728,0782750104,26,48.7275,2.0844444444444448,"26,5",78356
541547,0782750244,23,48.95583333333334,2.0944444444444446,"47,9",78551
541547,0782700073,23,48.95583333333334,2.0944444444444446,"47,9",78551
555190,0782700112,23,48.76027777777778,2.1713888888888886,38,78322
555190,0782750170,23,48.76027777777778,2.1713888888888886,38,78322
555190,0782650114,23,48.76027777777778,2.1713888888888886,38,78322
555190,0782650115,23,48.76027777777778,2.1713888888888886,38,78322
555190,0782650117,23,48.76027777777778,2.1713888888888886,38,78322
555190,0782650119,23,48.76027777777778,2.1713888888888886,38,78322
555190,0782650128,23,48.76027777777778,2.1713888888888886,38,78322
555190,0782290514,23,48.76027777777778,2.1713888888888886,38,78322
555190,0780990237,23,48.76027777777778,2.1713888888888886,38,78322
555194,0782290120,23,48.795833333333334,2.176388888888889,46,78686
555194,0782700015,23,48.795833333333334,2.176388888888889,46,78686
555194,0782750314,23,48.795833333333334,2.176388888888889,46,78686
555194,0782650108,23,48.795833333333334,2.176388888888889,46,78686
555194,0782650109,23,48.795833333333334,2.176388888888889,46,78686
555194,0782650111,23,48.795833333333334,2.176388888888889,46,78686
555194,0782650113,23,48.795833333333334,2.176388888888889,46,78686
555194,0780990015,23,48.795833333333334,2.176388888888889,46,78686
555194,0782650126,23,48.795833333333334,2.176388888888889,46,78686
555194,0782650145,23,48.795833333333334,2.176388888888889,46,78686
555517,0782750278,38,48.78361111111111,2.1694444444444443,34,78640
555517,0780990018,38,48.78361111111111,2.1694444444444443,34,78640
555555,0782700253,23,48.757222222222225,1.9425000000000001,25,78644
545761,0782290378,4,48.781666666666666,2.029166666666667,"72,5",78423
545761,0782700007,4,48.781666666666666,2.029166666666667,"72,5",78423
545761,0780030957,4,48.781666666666666,2.029166666666667,"72,5",78423
545761,0780990057,4,48.781666666666666,2.029166666666667,"72,5",78423
545761,0780034324,4,48.781666666666666,2.029166666666667,"72,5",78423
545862,0782750032,17,48.803888888888885,2.051111111111111,"19,4",78545
551754,0782290125,23,48.66777777777777,1.8780555555555556,30,78655
551754,0780600005,23,48.66777777777777,1.8780555555555556,30,78655
551788,0780600012,4,48.779444444444444,2.026944444444444,70,78423
551788,0780600017,4,48.779444444444444,2.026944444444444,70,78423
553278,0782290432,49,48.83694444444445,2.127222222222222,8,78126
553278,0782700132,49,48.83694444444445,2.127222222222222,8,78126
553278,0780990396,49,48.83694444444445,2.127222222222222,8,78126
551081,0782700050,38,48.920833333333334,2.0216666666666665,"42,5",78498
551081,0782750699,38,48.920833333333334,2.0216666666666665,"42,5",78498
541366,0782750007,38,48.808055555555555,2.151388888888889,24,78646
554616,0782290220,38,48.99861111111111,2.062222222222222,21,78382
554616,0782700154,38,48.99861111111111,2.062222222222222,21,78382
554616,0782750233,38,48.99861111111111,2.062222222222222,21,78382
554616,0780990045,38,48.99861111111111,2.062222222222222,21,78382
557651,0782700027,38,48.82527777777778,1.985,23,78165
560672,0782700155,38,49.00333333333333,2.111111111111111,22,78172
558546,0782290433,23,48.7925,2.055833333333333,49,78297
559221,0782750183,38,48.780277777777776,2.0355555555555553,31,78423
559391,0782750622,17,48.85916666666667,2.131388888888889,21,78092
557726,0782700037,38,48.828611111111115,1.948611111111111,"40,7",78490
557775,0782700226,38,48.92833333333333,2.1852777777777774,21,78311
575584,0782290434,26,48.96472222222223,2.0616666666666665,22,78005
577363,0782290182,17,48.74916666666667,1.9241666666666666,20,78168
577363,0782700300,17,48.74916666666667,1.9241666666666666,20,78168
577363,0780990050,17,48.74916666666667,1.9241666666666666,20,78168
572161,0782750187,38,48.7725,2.0144444444444445,"38,5",78423
573197,0782290270,38,48.794444444444444,2.1230555555555557,19,78646
568548,0782750014,38,48.9475,2.1680555555555556,23,78586
570415,0782700120,17,48.766666666666666,2.1194444444444445,"26,1",78117
577284,0782700171,26,48.526666666666664,1.9508333333333332,"39,9",78569
577284,0782290444,26,48.526666666666664,1.9508333333333332,"39,9",78569
577284,0780990204,26,48.526666666666664,1.9508333333333332,"39,9",78569
577284,0782750803,26,48.526666666666664,1.9508333333333332,"39,9",78569
584131,0780030632,24,49.038888888888884,1.7577777777777779,40,78246
584131,0780220044,24,49.038888888888884,1.7577777777777779,40,78246
584131,0782290083,24,49.038888888888884,1.7577777777777779,40,78246
586011,0782700023,23,48.70305555555556,1.7727777777777778,50,78497
586011,0782290456,23,48.70305555555556,1.7727777777777778,50,78497
586011,0780220077,23,48.70305555555556,1.7727777777777778,50,78497
586011,0780990240,23,48.70305555555556,1.7727777777777778,50,78497
586011,0782750818,23,48.70305555555556,1.7727777777777778,50,78497
583191,0782700029,23,48.91444444444444,2.161111111111111,38,78124
583191,0780600023,23,48.91444444444444,2.161111111111111,38,78124
583191,0780030940,23,48.91444444444444,2.161111111111111,38,78124
583191,0782751062,23,48.91444444444444,2.161111111111111,38,78124
583191,0780034069,23,48.91444444444444,2.161111111111111,38,78124
589413,0782290397,20,48.57611111111112,1.8786111111111112,42,78601
589413,0782700173,20,48.57611111111112,1.8786111111111112,42,78601
589413,0782750672,20,48.57611111111112,1.8786111111111112,42,78601
583197,0782700567,26,48.878055555555555,2.1244444444444444,"24,5",78190
579484,0782700252,17,48.755833333333335,1.9313888888888888,"13,6",78168
580950,0782700034,38,48.943888888888885,2.180833333333333,34,78586
586265,0782700148,38,48.784166666666664,2.185833333333333,"29,6",78640
614810,0782290277,23,48.62416666666667,1.826111111111111,50,78517
614810,0782700135,23,48.62416666666667,1.826111111111111,50,78517
614810,0782750798,23,48.62416666666667,1.826111111111111,50,78517
589432,0782290141,23,48.70583333333334,1.9780555555555557,42,78193
589432,0782700104,23,48.70583333333334,1.9780555555555557,42,78193
589432,0780990153,23,48.70583333333334,1.9780555555555557,42,78193
589432,0782751056,23,48.70583333333334,1.9780555555555557,42,78193
591984,0782290041,23,48.87111111111111,2.0605555555555553,"33,2",78224
591984,0782700078,23,48.87111111111111,2.0605555555555553,"33,2",78224
591984,0782750261,23,48.87111111111111,2.0605555555555553,"33,2",78224
591984,0780990224,23,48.87111111111111,2.0605555555555553,"33,2",78224
595555,0782700294,17,48.76722222222222,2.0555555555555554,"22,5",78297
593714,0782700042,20,48.73444444444444,2.0908333333333333,25,78143
593714,0782750193,20,48.73444444444444,2.0908333333333333,25,78143
593714,0781650013,20,48.73444444444444,2.0908333333333333,25,78143
593714,0781650014,20,48.73444444444444,2.0908333333333333,25,78143
593714,0781650016,20,48.73444444444444,2.0908333333333333,25,78143
593714,0781650018,20,48.73444444444444,2.0908333333333333,25,78143
593714,0781650041,20,48.73444444444444,2.0908333333333333,25,78143
625327,0780220054,23,48.97638888888889,1.5858333333333334,20,78082
625327,0782290225,23,48.97638888888889,1.5858333333333334,20,78082
625337,0780220055,23,48.96527777777778,1.6744444444444444,21,78354
625337,0782290281,23,48.96527777777778,1.6744444444444444,21,78354
625337,0782700326,23,48.96527777777778,1.6744444444444444,21,78354
625349,0780220053,26,48.93416666666666,1.6158333333333335,30,78608
625349,0782290312,26,48.93416666666666,1.6158333333333335,30,78608
622013,0780030974,23,48.552499999999995,1.9319444444444442,70,78537
622013,0782700452,23,48.552499999999995,1.9319444444444442,70,78537
622013,0780990317,23,48.552499999999995,1.9319444444444442,70,78537
622013,0782751129,23,48.552499999999995,1.9319444444444442,70,78537
594845,0782290055,23,48.95472222222222,1.7158333333333333,58,78104
594845,0782700047,23,48.95472222222222,1.7158333333333333,58,78104
594845,0781650006,23,48.95472222222222,1.7158333333333333,58,78104
594845,0781650004,23,48.95472222222222,1.7158333333333333,58,78104
594845,0781650002,23,48.95472222222222,1.7158333333333333,58,78104
594845,0781650001,23,48.95472222222222,1.7158333333333333,58,78104
594845,0780220074,23,48.95472222222222,1.7158333333333333,58,78104
594845,0780990006,23,48.95472222222222,1.7158333333333333,58,78104
594845,0781650037,23,48.95472222222222,1.7158333333333333,58,78104
594845,0782750899,23,48.95472222222222,1.7158333333333333,58,78104
594845,0781670002,23,48.95472222222222,1.7158333333333333,58,78104
594859,0782700207,38,48.895833333333336,2.068888888888889,38,78551
593553,0782290438,23,48.73777777777778,1.6302777777777777,27,78171
593553,0782700130,23,48.73777777777778,1.6302777777777777,27,78171
593553,0780220073,23,48.73777777777778,1.6302777777777777,27,78171
593553,0782750856,23,48.73777777777778,1.6302777777777777,27,78171
637838,0782290328,38,48.8,2.165,"14,8",78686
637838,0782700267,38,48.8,2.165,"14,8",78686
637838,0780460312,38,48.8,2.165,"14,8",78686
632300,0780220056,23,48.71638888888889,1.7977777777777777,35,78108
632300,0782290248,23,48.71638888888889,1.7977777777777777,35,78108
627860,0782750010,38,48.906388888888884,2.154444444444444,"20,7",78418
632199,0782290024,23,48.94194444444444,1.918611111111111,"35,8",78206
632199,0782700166,23,48.94194444444444,1.918611111111111,"35,8",78206
632199,0780220075,23,48.94194444444444,1.918611111111111,"35,8",78206
632199,0782750942,23,48.94194444444444,1.918611111111111,"35,8",78206
632199,0780990500,23,48.94194444444444,1.918611111111111,"35,8",78206
648508,0782290293,38,48.86,2.1480555555555556,24,78126
648508,0782700218,38,48.86,2.1480555555555556,24,78126
648508,0782750209,38,48.86,2.1480555555555556,24,78126
645674,0782700096,23,48.66416666666667,1.8069444444444445,41,78517
645674,0782750802,23,48.66416666666667,1.8069444444444445,41,78517
645674,0780034028,23,48.66416666666667,1.8069444444444445,41,78517
648503,0780220063,26,48.90888888888889,1.7819444444444443,33,78325
648503,0782290292,26,48.90888888888889,1.7819444444444443,33,78325
648503,0782750612,26,48.90888888888889,1.7819444444444443,33,78325
648503,0782700318,26,48.90888888888889,1.7819444444444443,33,78325
648499,0780220062,26,48.88638888888889,1.7341666666666666,39,78300
648499,0782290404,26,48.88638888888889,1.7341666666666666,39,78300
648499,0782700167,26,48.88638888888889,1.7341666666666666,39,78300
648499,0782750896,26,48.88638888888889,1.7341666666666666,39,78300
652062,0780030618,33,49.0125,1.8172222222222223,56,78113
652062,0780300003,33,49.0125,1.8172222222222223,56,78113
652062,0782700010,33,49.0125,1.8172222222222223,56,78113
652062,0782750067,33,49.0125,1.8172222222222223,56,78113
652062,0780770002,33,49.0125,1.8172222222222223,56,78113
652062,0780990062,33,49.0125,1.8172222222222223,56,78113
652062,0782290544,33,49.0125,1.8172222222222223,56,78113
652062,0780220095,33,49.0125,1.8172222222222223,56,78113
646221,0780220007,23,48.643055555555556,1.8438888888888891,40,78517
646221,0782290012,23,48.643055555555556,1.8438888888888891,40,78517
646221,0782700165,23,48.643055555555556,1.8438888888888891,40,78517
646221,0780300053,23,48.643055555555556,1.8438888888888891,40,78517
646221,0782750944,23,48.643055555555556,1.8438888888888891,40,78517
673608,0782290440,17,48.80583333333333,1.9619444444444445,17,78490
664357,0782290368,17,48.93583333333333,2.1594444444444445,29,78586
664357,0782700046,17,48.93583333333333,2.1594444444444445,29,78586
664357,0782750181,17,48.93583333333333,2.1594444444444445,29,78586
664357,0780466065,17,48.93583333333333,2.1594444444444445,29,78586
673373,0782700239,4,48.905,1.5766666666666667,"25,4",78346
673373,0782750824,4,48.905,1.5766666666666667,"25,4",78346
670491,0780220041,42,48.822500000000005,1.6372222222222221,15,78520
670491,0780300045,42,48.822500000000005,1.6372222222222221,15,78520
675482,0782700279,26,48.96,1.8897222222222223,25,78090
675482,0782750876,26,48.96,1.8897222222222223,25,78090
676254,0782700320,26,48.92833333333333,1.9872222222222222,39,78466
676254,0782750619,26,48.92833333333333,1.9872222222222222,39,78466
676254,0782290327,26,48.92833333333333,1.9872222222222222,39,78466
684929,0782700123,17,48.80416666666667,2.1713888888888886,"28,5",78686
684031,0782290452,23,49.01972222222222,1.9733333333333334,50,78638
683111,0782290213,20,48.818333333333335,2.1308333333333334,52,78158
683111,0782700031,20,48.818333333333335,2.1308333333333334,52,78158
683111,0782750057,20,48.818333333333335,2.1308333333333334,52,78158
683111,0780990176,20,48.818333333333335,2.1308333333333334,52,78158
679057,0782750017,38,48.76694444444444,2.0391666666666666,20,78423
708832,0780220070,48,48.94194444444444,1.8705555555555555,35,78049
708832,0782290442,48,48.94194444444444,1.8705555555555555,35,78049
706677,0782750257,38,48.75,1.9213888888888888,"23,6",78168
706688,0782750257,38,48.75,1.9213888888888888,"22,2",78168
723535,0782700181,38,48.94555555555555,2.2016666666666667,"28,7",78586
723547,0782750650,48,48.946666666666665,2.1875,27,78586
718194,0780220068,26,49.03638888888889,1.5844444444444445,12,78089
720937,0782290370,23,48.95916666666667,2.136388888888889,33,78551
734003,0782700110,17,48.88638888888889,1.9224999999999999,14,78189
723529,0782290019,38,48.925,2.160833333333333,33,78586
723531,0782290166,38,48.94138888888889,2.1977777777777776,22,78586
801683,0782700172,23,49.015,1.5872222222222223,"30,5",78531
801683,0782750844,23,49.015,1.5872222222222223,"30,5",78531
807786,0782750670,38,48.76027777777778,1.9663888888888887,40,78644
807786,0780990030,38,48.76027777777778,1.9663888888888887,40,78644
798322,0782750114,38,48.8275,1.951111111111111,32,78490
815775,0782290015,23,48.64666666666667,1.8311111111111111,30,78517
815803,0782290027,23,48.76111111111111,2.136388888888889,27,78343
815803,0782700111,23,48.76111111111111,2.136388888888889,27,78343
815803,0780220079,23,48.76111111111111,2.136388888888889,27,78343
815816,0782290031,38,48.89277777777778,2.071111111111111,28,78551
815819,0782290033,17,48.893055555555556,2.138611111111111,27,78650
815939,0782290035,38,48.77444444444444,1.9772222222222224,30,78621
815944,0782290043,17,48.780277777777776,2.1875,24,78640
786698,0782290445,20,49.05972222222222,1.8161111111111112,24,78329
815500,0782650120,23,48.904444444444444,1.85,43,78380
815500,0782650132,23,48.904444444444444,1.85,43,78380
815500,0782650134,23,48.904444444444444,1.85,43,78380
815500,0782650139,23,48.904444444444444,1.85,43,78380
815500,0782650140,23,48.904444444444444,1.85,43,78380
834981,0782750542,26,48.92472222222222,2.154722222222222,22,78418
835000,0782750605,38,48.808055555555555,2.125,30,78646
835000,0782700268,38,48.808055555555555,2.125,30,78646
835006,0782700192,26,48.76861111111111,2.0638888888888887,"22,3",78297
835006,0782750651,26,48.76861111111111,2.0638888888888887,"22,3",78297
835008,0782750655,38,48.901944444444446,2.0419444444444443,19,78133
739786,0782750003,38,48.780833333333334,2.1975,"24,5",78640
798819,0782290448,38,48.94972222222222,2.174722222222222,"21,9",78586
816490,0782290199,32,48.812777777777775,2.058611111111111,11,78545
816490,0782700088,32,48.812777777777775,2.058611111111111,11,78545
816496,0782290204,38,48.89416666666666,2.092777777777778,19,78551
816506,0782290209,23,48.82666666666667,1.7444444444444445,37,78265
816506,0782700168,23,48.82666666666667,1.7444444444444445,37,78265
816506,0780990092,23,48.82666666666667,1.7444444444444445,37,78265
816506,0782750820,23,48.82666666666667,1.7444444444444445,37,78265
816585,0782290221,38,48.93805555555555,2.0594444444444444,"31,5",78498
816587,0782290222,38,48.901666666666664,2.117777777777778,17,78481
816587,0782750230,38,48.901666666666664,2.117777777777778,17,78481
816630,0782290228,38,48.799166666666665,2.0719444444444446,19,78545
816636,0782290229,26,48.97916666666667,1.718888888888889,30,78362
816641,0782290230,26,48.778888888888886,2.2075,12,78640
816651,0782290231,26,48.78638888888889,2.1527777777777777,12,78646
821376,0782290238,26,48.92388888888889,2.0019444444444443,12,78466
816670,0782290148,23,48.85944444444445,1.9705555555555556,23,78233
816674,0782290152,17,48.94694444444444,2.1444444444444444,19,78358
816676,0782290153,38,48.92472222222222,2.183333333333333,"35,3",78311
834715,0782750008,38,48.901944444444446,2.1330555555555555,18,78650
834715,0782290477,38,48.901944444444446,2.1330555555555555,18,78650
834715,0780990126,38,48.901944444444446,2.1330555555555555,18,78650
834723,0782750009,38,48.79611111111111,2.143611111111111,19,78646
816678,0782290158,32,48.77777777777778,2.2225,"10,5",78640
816678,0782700141,32,48.77777777777778,2.2225,"10,5",78640
816680,0782290160,10,48.80444444444444,2.05,12,78545
816680,0782700134,10,48.80444444444444,2.05,12,78545
816680,0780990386,10,48.80444444444444,2.05,12,78545
816682,0782290364,26,48.7975,1.951111111111111,23,78490
816684,0782290163,20,48.6875,2.0180555555555557,29,78162
816690,0782290177,23,48.717777777777776,1.9458333333333333,30,78334
816704,0782290185,38,48.99305555555556,1.6997222222222221,24,78361
816712,0782290189,4,48.961111111111116,2.144722222222222,35,78358
816712,0782750270,4,48.961111111111116,2.144722222222222,35,78358
834920,0782750272,38,48.900277777777774,2.167777777777778,21,78146
834920,0782700199,38,48.900277777777774,2.167777777777778,21,78146
834920,0782290480,38,48.900277777777774,2.167777777777778,21,78146
834920,0780990435,38,48.900277777777774,2.167777777777778,21,78146
834922,0782700116,38,48.75416666666667,2.075555555555556,23,78356
834922,0782750275,38,48.75416666666667,2.075555555555556,23,78356
834924,0782750279,38,48.79472222222222,2.1261111111111113,25,78646
834935,0782750282,26,48.83694444444445,2.129166666666667,27,78126
834937,0782700184,38,48.894999999999996,2.0941666666666667,22,78551
834937,0782750284,38,48.894999999999996,2.0941666666666667,22,78551
834939,0782750329,4,48.748333333333335,2.1108333333333333,24,78620
834939,0782290462,4,48.748333333333335,2.1108333333333333,24,78620
834939,0780220101,4,48.748333333333335,2.1108333333333333,24,78620
835004,0782700280,48,48.82055555555556,1.9994444444444446,30,78674
835004,0782750342,48,48.82055555555556,1.9994444444444446,30,78674
835004,0780990104,48,48.82055555555556,1.9994444444444446,30,78674
835010,0782700160,23,48.76777777777777,1.8800000000000001,42,78623
835010,0782750346,23,48.76777777777777,1.8800000000000001,42,78623
835010,0780990118,23,48.76777777777777,1.8800000000000001,42,78623
835046,0782750528,38,49.006388888888885,1.9630555555555556,10,78638
836177,0782700201,38,48.893055555555556,2.1347222222222224,"22,2",78650
749439,0782290118,23,48.96,1.5108333333333333,27,78559
747223,0780600025,11,48.522777777777776,1.9083333333333332,18,78564
747372,0782290250,23,48.55,1.9255555555555555,44,78499
747372,0780600024,23,48.55,1.9255555555555555,44,78499
747372,0780030977,23,48.55,1.9255555555555555,44,78499
747372,0780030975,23,48.55,1.9255555555555555,44,78499
747372,0780030976,23,48.55,1.9255555555555555,44,78499
747372,0780030978,23,48.55,1.9255555555555555,44,78499
747372,0780030964,23,48.55,1.9255555555555555,44,78499
752260,0782290181,17,48.761944444444445,2.081944444444445,"40,2",78297
752260,0782700304,17,48.761944444444445,2.081944444444445,"40,2",78297
867886,0782700228,17,48.81944444444445,2.1216666666666666,"12,5",78158
867890,0782700256,38,48.98111111111111,1.71,"23,6",78362
867890,0780990007,38,48.98111111111111,1.71,"23,6",78362
996784,0780031102,17,48.95194444444445,1.8611111111111112,15,78029
996784,0780031157,17,48.95194444444445,1.8611111111111112,15,78029
901547,0780030033,24,48.52861111111111,1.831388888888889,85,78003
1083418,0782290479,23,48.70416666666667,2.088888888888889,15,78575
868001,0782700229,38,48.81305555555555,2.124722222222222,17,78646
868005,0782700284,23,48.81888888888889,1.903611111111111,"26,8",78442
868007,0782700097,48,48.62638888888889,1.8697222222222223,30,78601
868007,0782750723,48,48.62638888888889,1.8697222222222223,30,78601
951133,0780031005,42,48.95388888888889,1.6377777777777778,10,78245
959605,0782750720,17,48.799166666666665,2.038333333333333,4,78073
900806,0780030980,17,48.81083333333333,2.0455555555555556,20,78242
902982,0780030966,49,48.54194444444444,1.9047222222222222,4,78564
902986,0780030968,49,48.53611111111111,1.8288888888888888,4,78506
995994,0780031104,17,48.7625,1.9172222222222222,7,78383
881833,0780030941,23,48.92388888888889,2.0016666666666665,19,78466
906549,0780990011,38,48.80888888888889,2.1516666666666664,"23,2",78646
906549,0782290428,38,48.80888888888889,2.1516666666666664,"23,2",78646
1044291,0780220078,23,48.794444444444444,1.6572222222222222,33,78263
1044291,0782290470,23,48.794444444444444,1.6572222222222222,33,78263
1044291,0782700751,23,48.794444444444444,1.6572222222222222,33,78263
1044291,0782751173,23,48.794444444444444,1.6572222222222222,33,78263
1043170,0780220080,23,49.011944444444445,2.0019444444444443,45,78638
1043170,0780600019,23,49.011944444444445,2.0019444444444443,45,78638
1043170,0782290472,23,49.011944444444445,2.0019444444444443,45,78638
1043170,0782700555,23,49.011944444444445,2.0019444444444443,45,78638
1043170,0782751111,23,49.011944444444445,2.0019444444444443,45,78638
1043170,0780990466,23,49.011944444444445,2.0019444444444443,45,78638
906519,0782750713,26,48.99888888888889,1.6922222222222223,24,78361
1052082,0780990038,17,48.89333333333333,2.064722222222222,"28,6",78551
975182,0782290460,26,48.85194444444445,2.049444444444444,24,78455
975182,0782700303,26,48.85194444444445,2.049444444444444,24,78455
975182,0782750832,26,48.85194444444445,2.049444444444444,24,78455
867943,0782700105,4,49.01166666666666,1.6394444444444445,"18,5",78290
867943,0782751103,4,49.01166666666666,1.6394444444444445,"18,5",78290
867945,0782700152,23,48.93666666666666,2.0236111111111112,25,78123
867947,0782700153,38,48.973055555555554,2.027222222222222,21,78138
867956,0782700118,38,48.7975,2.1233333333333335,"19,2",78646
867963,0782700204,23,48.93555555555555,2.051944444444444,34,78498
989246,0780031083,17,49.0125,2.0877777777777777,10,78172
922528,0782750718,26,48.839444444444446,2.066666666666667,25,78455
922528,0782700327,26,48.839444444444446,2.066666666666667,25,78455
1023512,0780990029,38,48.76027777777778,1.9205555555555553,35,78383
1035243,0780990014,17,48.99916666666667,1.6830555555555553,"53,9",78361
1035243,0782290494,17,48.99916666666667,1.6830555555555553,"53,9",78361
955944,0782700319,17,49.0475,1.478888888888889,"14,3",78068
955944,0782750855,17,49.0475,1.478888888888889,"14,3",78068
877369,0780030185,4,48.901111111111106,2.0372222222222223,30,78133
877369,0780300008,4,48.901111111111106,2.0372222222222223,30,78133
877369,0780230003,4,48.901111111111106,2.0372222222222223,30,78133
1132315,0782290481,26,48.924166666666665,1.9638888888888888,"12,9",78466
895684,0780030700,4,48.712500000000006,2.044722222222222,28,78160
912366,0782290457,26,48.97361111111111,2.039722222222222,"26,3",78138
901984,0780030969,17,48.56888888888889,1.9902777777777778,6,78349
901986,0780030972,17,48.57027777777778,1.9902777777777778,6,78349
1027560,0782290464,48,48.808055555555555,2.035833333333333,15,78242
1122334,0782290358,31,48.47916666666667,1.8530555555555557,25,78478
867986,0782700008,4,48.99277777777778,2.018333333333333,"29,8",78624
891502,0780030949,17,48.88527777777778,2.156388888888889,7,78146
980954,0780030593,38,48.83083333333334,2.126388888888889,40,78158
980954,0780031064,38,48.83083333333334,2.126388888888889,40,78158
980954,0782750901,38,48.83083333333334,2.126388888888889,40,78158
889424,0780231104,17,48.89333333333333,2.1663888888888887,20,78146
890379,0780030950,17,48.89833333333333,2.1222222222222222,8,78650
890381,0780030951,17,48.89861111111111,2.095277777777778,5,78551
896342,0782750715,23,49.020833333333336,1.5397222222222222,"32,4",78668
896342,0782700485,23,49.020833333333336,1.5397222222222222,"32,4",78668
896342,0782290632,23,49.020833333333336,1.5397222222222222,"32,4",78668
896342,0780220099,23,49.020833333333336,1.5397222222222222,"32,4",78668
924511,0780030988,17,48.86277777777778,2.0947222222222224,10,78372
926066,0780030967,49,48.54277777777778,1.9066666666666665,4,78499
998144,0780031108,42,48.91166666666666,2.0355555555555553,8,78133
956832,0782290459,26,48.85916666666667,2.131111111111111,16,78092
1051695,0782750345,10,48.80555555555555,2.0508333333333333,"8,5",78545
1051697,0782750345,10,48.805,2.0508333333333333,"8,5",78545
1048997,0780990032,26,48.839444444444446,2.065833333333333,25,78455
1048997,0782290475,26,48.839444444444446,2.065833333333333,25,78455
993776,0782700257,23,48.774166666666666,1.9533333333333334,"32,1",78208
993776,0782290463,23,48.774166666666666,1.9533333333333334,"32,1",78208
1024258,0780990031,17,48.924166666666665,2.1863888888888887,"27,3",78311
1022697,0780220035,23,48.95611111111111,2.093888888888889,31,78551
1277884,0780031174,17,48.939722222222215,2.046111111111111,25,78498
1254607,0780600030,10,48.91111111111111,2.085277777777778,8,78551
1254609,0780600031,12,48.911944444444444,2.0455555555555556,8,78133
1192823,0782750729,17,48.79111111111111,2.043333333333333,"30,3",78423
1206669,0780990046,26,48.76611111111111,1.9972222222222222,"30,3",78621
1246842,0780600029,10,48.91166666666666,2.1824999999999997,1,78124
1246846,0780600028,23,48.91444444444444,2.1147222222222224,6,78396
1215369,0782700430,17,48.940555555555555,2.040277777777778,"19,9",78123
1203847,0782700426,17,48.77194444444444,2.2225,"19,7",78640
1305991,0782290487,38,48.79944444444444,2.1244444444444444,19,78646
1305991,0782700137,38,48.79944444444444,2.1244444444444444,19,78646
1327865,0782700435,48,48.88333333333333,2.0588888888888888,25,78551
1289601,0780031179,17,48.92361111111111,2.185833333333333,20,78311
1347092,0780031202,17,48.799166666666665,2.1638888888888888,11,78686
1336569,0780460320,23,48.82333333333334,1.993888888888889,20,78165
1331933,0780031193,17,48.87694444444445,2.1061111111111113,1,78502
1353312,0782750738,17,48.92722222222222,2.144722222222222,8,78418
1332894,0780460363,23,48.722500000000004,1.8911111111111112,12,78220
1329263,0780990054,38,48.808611111111105,2.124722222222222,23,78646
1329263,0782290400,38,48.808611111111105,2.124722222222222,23,78646
1329252,0780990053,23,48.98916666666667,1.9697222222222224,35,78642
1329252,0782750607,23,48.98916666666667,1.9697222222222224,35,78642
1329252,0780460347,23,48.98916666666667,1.9697222222222224,35,78642
1329252,0782290657,23,48.98916666666667,1.9697222222222224,35,78642
1329252,0782700737,23,48.98916666666667,1.9697222222222224,35,78642
1331756,0782750735,23,49.01,1.8872222222222221,34,78299
1345754,0780031196,42,48.987500000000004,1.7680555555555555,11,78501
1318903,0780990048,26,48.8775,2.1233333333333335,30,78190
1318903,0782750733,26,48.8775,2.1233333333333335,30,78190
1186237,0780220081,26,48.584722222222226,2.022777777777778,14,78349
1186237,0782290473,26,48.584722222222226,2.022777777777778,14,78349
1186242,0780220082,23,48.566944444444445,1.9877777777777779,12,78349
1186242,0782290482,23,48.566944444444445,1.9877777777777779,12,78349
1352134,0780460308,23,48.79527777777778,2.0574999999999997,25,78545
1285217,0782700432,17,48.93416666666666,2.045,"22,5",78498
1187319,0782290484,38,48.98166666666667,1.6966666666666668,"21,5",78362
1306136,0782290488,26,48.75861111111111,2.0458333333333334,17,78688
1291835,0782700434,17,48.94,2.048888888888889,18,78498
1332471,0780031194,17,48.75833333333333,2.0508333333333333,10,78688
1246046,0780600032,10,48.91611111111111,2.0225,1,78498
1246048,0780600033,10,48.918055555555554,2.013333333333333,1,78498
1185573,0782750728,38,48.89555555555555,2.1055555555555556,"25,6",78481
1292209,0782750696,38,48.774166666666666,2.0502777777777776,21,78297
1326848,0780460322,26,48.78527777777778,2.153888888888889,30,78322
1326848,0782700286,26,48.78527777777778,2.153888888888889,30,78322
1319715,0782750731,26,48.794999999999995,2.0352777777777775,"28,3",78423
1346027,0780460366,23,48.78138888888889,2.029166666666667,15,78423
1348901,0780460310,23,48.7925,2.115555555555556,12,78646
1370988,0780990059,38,48.97694444444445,1.6947222222222222,"13,9",78354
1370988,0782700287,38,48.97694444444445,1.6947222222222222,"13,9",78354
1362982,0782750742,17,48.96388888888889,2.0302777777777776,"8,2",78138
1373837,0780031205,17,48.96,1.855,10,78029
1398005,0780460364,23,48.75888888888889,2.192222222222222,12,78322
1398007,0780460323,23,48.764722222222225,2.1641666666666666,12,78322
1398009,0780460321,17,48.80722222222222,2.040833333333333,"10,2",78242
1404953,0780460326,23,48.98222222222223,1.6588888888888889,"20,6",78118
1424786,0780230005,4,49.05972222222222,1.763611111111111,60,78202
1424786,0782750199,4,49.05972222222222,1.763611111111111,60,78202
1424786,0780990144,4,49.05972222222222,1.763611111111111,60,78202
1424786,0782700490,4,49.05972222222222,1.763611111111111,60,78202
1377797,0782290490,38,48.79805555555556,2.125,23,78646
1381467,0780990027,38,48.78444444444444,2.2183333333333333,"36,2",78640
1381467,0782750743,38,48.78444444444444,2.2183333333333333,"36,2",78640
1381467,0782290579,38,48.78444444444444,2.2183333333333333,"36,2",78640
1378021,0780460367,26,48.77333333333333,2.1483333333333334,25,78322
1385677,0782700331,17,48.8525,2.0380555555555553,"20,5",78571
1385677,0782750305,17,48.8525,2.0380555555555553,"20,5",78571
1404583,0780460315,23,48.823055555555555,1.6524999999999999,25,78605
1388420,0782290492,26,48.99472222222222,2.0805555555555557,"28,7",78172
1402050,0780460346,23,48.961111111111116,2.1080555555555556,"25,4",78551
1378673,0782290491,26,48.933611111111105,2.1780555555555554,25,78311
1382543,0780460318,23,48.815555555555555,1.8775,20,78683
1388718,0780990061,38,48.794999999999995,2.121111111111111,"21,4",78646
1404494,0780460302,23,48.528888888888886,1.9130555555555555,"25,3",78564
1404732,0780460344,23,48.9525,2.0830555555555557,"25,4",78551
1407576,0780031224,17,48.84111111111111,1.8727777777777779,10,78062
1407578,0780031225,17,48.83888888888889,1.8494444444444447,2,78062
1388179,0780460314,23,48.79611111111111,1.6072222222222223,20,78381
1536777,0780990106,26,48.91972222222222,1.5955555555555556,26,78346
1536777,0782750452,26,48.91972222222222,1.5955555555555556,26,78346
1536777,0782700482,26,48.91972222222222,1.5955555555555556,26,78346
1548628,0780031352,38,48.796388888888885,2.14,15,78646
1548628,0780031383,38,48.796388888888885,2.14,15,78646
1548628,0780031395,38,48.796388888888885,2.14,15,78646
1461819,0780460799,23,48.54805555555556,1.9258333333333333,52,78569
1461849,0780460368,23,48.58444444444444,2.0233333333333334,10,78349
1461851,0780460301,26,48.566944444444445,1.9877777777777779,12,78349
1461853,0780460337,23,48.93472222222222,1.8433333333333335,25,78451
1461855,0780460343,23,48.93333333333333,2.163333333333333,"20,4",78586
1500331,0780460333,23,48.98277777777778,1.7580555555555555,"20,4",78501
1424813,0780230001,17,48.83083333333334,2.118333333333333,12,78158
1443559,0780990070,23,48.946666666666665,1.8005555555555557,25,78217
1443559,0782700234,23,48.946666666666665,1.8005555555555557,25,78217
1443559,0782750879,23,48.946666666666665,1.8005555555555557,25,78217
1418898,0782700439,17,48.80972222222222,2.133611111111111,"20,6",78646
1622346,0780990124,26,48.92055555555555,2.0241666666666664,"31,1",78498
1425100,0780460303,23,48.48888888888889,1.8866666666666667,"25,3",78071
1505379,0782750774,26,48.78388888888889,2.073055555555556,"31,8",78297
1509971,0782750776,17,48.98777777777778,1.9252777777777776,"23,6",78440
1565878,0780220087,23,48.84,1.7147222222222223,28,78465
1565878,0782290135,23,48.84,1.7147222222222223,28,78465
1582837,0780031404,38,48.7625,1.9458333333333333,49,78383
1435703,0780990067,23,48.83166666666667,2.0011111111111113,20,78674
1435703,0782700224,23,48.83166666666667,2.0011111111111113,20,78674
1478598,0780460359,23,49.004444444444445,1.9716666666666667,15,78638
1514287,0780030952,38,48.70277777777778,2.071111111111111,7,78575
1540712,0780990108,38,48.99861111111111,2.0780555555555558,24,78172
1540712,0782750232,38,48.99861111111111,2.0780555555555558,24,78172
1515648,0780460313,17,48.80083333333333,2.1802777777777775,"13,5",78686
1515652,0780460329,12,48.86805555555556,2.0766666666666667,22,78224
1515654,0780460331,23,48.98694444444445,1.8955555555555554,20,78440
1515656,0780460350,26,48.967777777777776,1.9941666666666666,20,78643
1515660,0780460348,17,48.80972222222222,2.135,"8,8",78646
1519079,0780990103,38,48.75,2.065833333333333,"13,5",78356
1519079,0782750243,38,48.75,2.065833333333333,"13,5",78356
1602053,0780467307,32,49.006388888888885,1.9075,"12,1",78401
1600423,0782290521,23,48.94499999999999,1.7280555555555557,25,78291
1600423,0782750676,23,48.94499999999999,1.7280555555555557,25,78291
1600423,0782700481,23,48.94499999999999,1.7280555555555557,25,78291
1543369,0782750781,38,48.82194444444445,1.9725000000000001,"15,4",78165
1441779,0780031253,17,48.734722222222224,1.8722222222222222,15,78576
1486585,0780031342,17,48.900555555555556,2.0700000000000003,12,78551
1426638,0782700440,19,48.80277777777778,2.1194444444444445,15,78646
1426638,0782750615,19,48.80277777777778,2.1194444444444445,15,78646
1442177,0782290496,17,48.92777777777778,2.1925,"23,4",78311
1485888,0780220085,17,48.99055555555556,1.845277777777778,12,78327
1514735,0780460311,17,48.79611111111111,2.145,"19,2",78646
1465161,0780460371,23,48.83638888888889,1.8830555555555555,12,78550
1453966,0782750749,17,48.759166666666665,2.1919444444444443,"8,7",78322
1447927,0780990073,38,48.899166666666666,2.1594444444444445,"20,5",78146
1477726,0780460358,23,48.97,2.0305555555555554,20,78138
1477732,0780460360,23,49.00611111111111,1.9152777777777776,15,78401
1477752,0780460316,23,48.822500000000005,1.718888888888889,20,78053
1478970,0782750768,48,48.99444444444445,1.8141666666666667,15,78267
1541724,0780990109,38,48.971944444444446,2.0344444444444445,32,78138
1450429,0780990074,48,48.865,1.7844444444444443,30,78681
1525172,0782290511,20,48.83361111111111,2.0122222222222224,34,78674
1525172,0782750684,20,48.83361111111111,2.0122222222222224,34,78674
1607990,0780031417,39,49.00555555555555,1.7933333333333332,6,78296
1607992,0780031418,17,48.78527777777778,1.9944444444444445,6,78621
1512924,0780990098,26,48.82972222222222,1.9552777777777777,"26,9",78490
1512926,0780990099,26,48.99333333333333,1.6277777777777778,"26,5",78531
1474146,0780460361,23,48.99805555555556,1.8791666666666667,"35,1",78403
1474146,0782290466,23,48.99805555555556,1.8791666666666667,"35,1",78403
1474146,0782751012,23,48.99805555555556,1.8791666666666667,"35,1",78403
1474146,0780990526,23,48.99805555555556,1.8791666666666667,"35,1",78403
1546040,0782290516,38,48.99194444444444,1.7416666666666667,"16,5",78335
1472346,0782700441,10,48.91222222222222,2.1033333333333335,"6,1",78551
1523078,0782290510,17,48.769999999999996,2.0438888888888886,"17,3",78423
1534791,0780990105,38,48.77916666666667,2.215277777777778,29,78640
1534791,0782750340,38,48.77916666666667,2.215277777777778,29,78640
1447480,0780990072,38,48.89861111111111,2.092777777777778,"26,7",78551
1447480,0782290205,38,48.89861111111111,2.092777777777778,"26,7",78551
1439154,0780990069,48,48.94555555555555,2.1841666666666666,"25,1",78586
1439344,0782750759,17,48.782222222222224,2.0605555555555553,"15,8",78297
1499461,0782750772,17,48.79972222222222,1.9472222222222222,14,78490
1518228,0780990100,38,48.793055555555554,2.035833333333333,"21,1",78423
1589727,0780990116,26,48.95027777777778,1.8669444444444445,37,78029
1589727,0782750592,26,48.95027777777778,1.8669444444444445,37,78029
1560997,0782290517,48,48.80416666666667,1.7925,25,78262
1500369,0780460370,32,48.82666666666667,1.702222222222222,"9,1",78465
1465959,0780990082,23,48.76138888888889,2.1358333333333333,32,78343
1465959,0782750425,23,48.76138888888889,2.1358333333333333,32,78343
1435887,0780467301,10,48.79861111111111,2.1352777777777776,"6,3",78646
1445160,0780460309,23,48.79527777777778,2.0925000000000002,30,78646
1466261,0780460328,23,48.96361111111111,1.8138888888888889,20,78217
1470809,0780990087,26,48.80222222222222,1.9808333333333334,25,78490
1466263,0780460353,23,48.96416666666667,1.7608333333333333,20,78291
1466265,0780460341,23,49.03333333333333,1.5569444444444445,25,78320
1466267,0780460332,23,48.865,2.051111111111111,35,78224
1466269,0780460334,48,48.86888888888889,2.1122222222222224,20,78350
1466271,0780460340,23,48.941111111111105,2.0580555555555553,20,78498
1466273,0780460342,23,48.99527777777778,1.646388888888889,25,78531
1466277,0780460349,23,48.92861111111111,2.0141666666666667,25,78672
1471811,0782750765,38,48.785,2.0652777777777778,12,78297
1517417,0780031389,23,48.983333333333334,2.1391666666666667,30,78551
1517419,0780031390,23,48.978611111111114,2.1644444444444444,30,78005
1494071,0780030598,17,48.784166666666664,2.156388888888889,"18,5",78322
1494071,0782290508,17,48.784166666666664,2.156388888888889,"18,5",78322
1494071,0780990459,17,48.784166666666664,2.156388888888889,"18,5",78322
1585359,0780460375,26,48.80555555555555,2.163333333333333,12,78686
1567734,0782700449,9,48.89888888888889,2.0947222222222224,0,78551
1468847,0780031292,17,48.75666666666667,1.9280555555555554,18,78168
1473972,0780460365,48,48.990833333333335,1.9927777777777778,20,78624
1525427,0782750779,38,48.99944444444444,1.7422222222222223,"14,4",78335
1446027,0780460335,23,48.98972222222222,1.7005555555555556,"25,3",78361
1676036,0782700462,23,48.524166666666666,1.8277777777777777,47,78003
1676036,0782750752,23,48.524166666666666,1.8277777777777777,47,78003
1687463,0780990148,26,48.933055555555555,1.9705555555555556,"34,1",78466
1616424,0780461326,32,48.98416666666667,1.6275,"8,4",78484
1573277,0782700451,12,48.797777777777775,1.9711111111111113,12,78208
1487759,0780990091,38,48.85666666666667,1.9024999999999999,"19,3",78062
1487759,0782750299,38,48.85666666666667,1.9024999999999999,"19,3",78062
1487759,0782700494,38,48.85666666666667,1.9024999999999999,"19,3",78062
1467318,0780990085,26,48.80027777777777,1.9519444444444445,"25,1",78490
1537882,0780461374,17,48.861111111111114,2.1233333333333335,10,78350
1529803,0780460362,48,48.98916666666667,1.8347222222222224,25,78327
1624219,0780990141,17,48.907777777777774,2.158333333333333,"33,8",78418
1624219,0782290068,17,48.907777777777774,2.158333333333333,"33,8",78418
1511575,0780468302,23,48.64333333333333,1.8316666666666666,"20,5",78517
1667537,0782290527,17,48.78916666666667,2.055833333333333,26,78297
1676304,0782750152,38,48.63361111111111,1.8286111111111112,"25,5",78517
1676304,0782700461,38,48.63361111111111,1.8286111111111112,"25,5",78517
1672761,0780990149,26,48.623333333333335,1.823611111111111,36,78269
1474247,0780990088,17,48.99333333333333,1.9133333333333333,"39,9",78440
1474247,0782290344,17,48.99333333333333,1.9133333333333333,"39,9",78440
1425246,0780460307,23,48.769444444444446,1.9877777777777779,"32,8",78621
1601403,0782290522,20,48.94888888888889,2.1455555555555557,50,78358
1601403,0782750237,20,48.94888888888889,2.1455555555555557,50,78358
1605554,0782290523,26,49.00222222222222,1.7411111111111113,25,78335
1457112,0780990075,26,49.050555555555555,1.6555555555555554,30,78437
1457112,0782700290,26,49.050555555555555,1.6555555555555554,30,78437
1457112,0782750865,26,49.050555555555555,1.6555555555555554,30,78437
1609860,0780031425,23,48.856944444444444,1.8422222222222224,45,78062
1626161,0780467314,12,48.86083333333333,2.1286111111111112,2,78350
1545010,0780990111,17,48.93416666666666,2.041111111111111,21,78498
1550064,0780230023,4,48.59583333333334,1.9044444444444444,50,78164
1550064,0782290111,4,48.59583333333334,1.9044444444444444,50,78164
1505770,0782290498,26,48.802499999999995,1.972777777777778,30,78490
1505770,0782750761,26,48.802499999999995,1.972777777777778,30,78490
1579612,0782290519,17,48.780277777777776,2.2075,"28,6",78640
1579612,0782700431,17,48.780277777777776,2.2075,"28,6",78640
1579612,0782750853,17,48.780277777777776,2.2075,"28,6",78640
1537543,0780461335,12,48.86472222222223,2.1144444444444446,"25,1",78350
1537545,0780461375,12,48.80583333333333,2.1780555555555554,10,78686
1537551,0780462375,12,48.805277777777775,2.1566666666666667,22,78646
1657045,0780031438,17,48.736666666666665,1.9152777777777776,6,78168
1676378,0780990071,23,48.79055555555556,2.0613888888888887,42,78297
1676378,0782750791,23,48.79055555555556,2.0613888888888887,42,78297
1544308,0782700445,10,48.91027777777778,2.0844444444444448,"9,6",78551
1544310,0782700446,10,48.905833333333334,2.0616666666666665,"6,1",78551
1575372,0780990112,26,48.818333333333335,1.9552777777777777,34,78490
1694177,0780990017,38,48.784166666666664,2.1841666666666666,"31,6",78640
1694177,0782750725,38,48.784166666666664,2.1841666666666666,"31,6",78640
1424707,0780460356,23,49.007777777777775,2.086388888888889,"20,4",78172
1647057,0782750789,17,48.833333333333336,1.7222222222222223,"16,1",78053
1547276,0782750782,38,48.99916666666667,2.1102777777777777,"21,5",78172
1468720,0780990086,23,48.843611111111116,1.8302777777777777,"32,4",78034
1468720,0782750654,23,48.843611111111116,1.8302777777777777,"32,4",78034
1468720,0782700479,23,48.843611111111116,1.8302777777777777,"32,4",78034
1468720,0780220092,23,48.843611111111116,1.8302777777777777,"32,4",78034
1468720,0782290578,23,48.843611111111116,1.8302777777777777,"32,4",78034
1479214,0780220083,23,48.46888888888889,1.835277777777778,37,78472
1479214,0782290458,23,48.46888888888889,1.835277777777778,37,78472
1636055,0780990142,23,48.52111111111111,1.8277777777777777,43,78003
1545487,0780990110,48,48.999722222222225,2.117777777777778,32,78172
1499177,0780990095,31,48.89694444444444,1.736388888888889,46,78300
1601535,0780467311,10,49.02722222222222,1.5997222222222223,"6,6",78255
1601535,0782290674,10,49.02722222222222,1.5997222222222223,"6,6",78255
1601537,0780467312,10,49.031666666666666,1.5983333333333334,"6,6",78255
1601537,0782700746,10,49.031666666666666,1.5983333333333334,"6,6",78255
1601537,0782290675,10,49.031666666666666,1.5983333333333334,"6,6",78255
1468648,0780990083,26,48.953611111111115,1.5705555555555555,"35,2",78082
1468648,0782700314,26,48.953611111111115,1.5705555555555555,"35,2",78082
1468648,0780220086,26,48.953611111111115,1.5705555555555555,"35,2",78082
1468648,0782290509,26,48.953611111111115,1.5705555555555555,"35,2",78082
1468648,0782750836,26,48.953611111111115,1.5705555555555555,"35,2",78082
1478909,0780990089,23,48.96277777777778,1.9302777777777775,30,78140
1478909,0782750471,23,48.96277777777778,1.9302777777777775,30,78140
1422902,0780031247,17,48.91111111111111,2.1730555555555555,10,78124
1509884,0780031353,38,48.93694444444444,2.1347222222222224,15,78396
1509884,0780031382,38,48.93694444444444,2.1347222222222224,15,78396
1509884,0780031396,38,48.93694444444444,2.1347222222222224,15,78396
1512648,0780990066,26,49.03638888888889,1.6033333333333335,"31,8",78255
1695233,0780031444,17,48.943888888888885,2.0341666666666667,15,78123
1417609,0780460324,23,48.880833333333335,1.8752777777777778,25,78368
1689548,0780990145,38,48.94638888888888,2.068055555555556,"18,7",78498
1662012,0782290525,38,48.93138888888889,2.0391666666666666,20,78498
1623307,0780990140,38,48.76416666666667,2.0641666666666665,"20,6",78297
1596766,0780467313,12,48.86666666666667,2.1125000000000003,10,78350
1621686,0780467305,32,48.83888888888889,2.144722222222222,"10,5",78126
1621688,0780467306,32,48.84111111111111,2.1405555555555553,8,78126
1490887,0782700443,23,48.88138888888889,1.971388888888889,"35,4",78233
1490887,0782750755,23,48.88138888888889,1.971388888888889,"35,4",78233
1490887,0782290524,23,48.88138888888889,1.971388888888889,"35,4",78233
1490887,0780990256,23,48.88138888888889,1.971388888888889,"35,4",78233
1594400,0780990120,26,48.82972222222222,1.9777777777777779,36,78165
1594400,0782750777,26,48.82972222222222,1.9777777777777779,36,78165
1495495,0780460369,23,49.06111111111111,1.524722222222222,20,78320
1495497,0780460325,23,49.036944444444444,1.5916666666666668,20,78255
1538941,0780461329,12,48.87277777777778,2.0872222222222225,22,78372
1600931,0780467308,32,49.01444444444444,1.6105555555555557,"8,5",78528
1600931,0782290667,32,49.01444444444444,1.6105555555555557,"8,5",78528
1600931,0782700743,32,49.01444444444444,1.6105555555555557,"8,5",78528
1600933,0780467309,10,49.01888888888889,1.6072222222222223,"6,6",78528
1600933,0782290671,10,49.01888888888889,1.6072222222222223,"6,6",78528
1600935,0780467310,10,49.02361111111111,1.6027777777777779,"6,6",78528
1600935,0782290672,10,49.02361111111111,1.6027777777777779,"6,6",78528
1502994,0780031354,38,48.63,1.8308333333333333,30,78517
1502994,0780031549,38,48.63,1.8308333333333333,30,78517
1510587,0780460352,23,48.97527777777778,2.077777777777778,"25,4",78005
1541572,0782290515,38,48.80694444444444,2.147222222222222,24,78646
1541572,0782700106,38,48.80694444444444,2.147222222222222,24,78646
1541572,0780990486,38,48.80694444444444,2.147222222222222,24,78646
1454946,0780990079,23,48.97916666666667,1.7805555555555554,30,78501
1454946,0782700316,23,48.97916666666667,1.7805555555555554,30,78501
1907997,0782750842,38,48.98833333333334,1.702222222222222,28,78362
1809428,0780990183,26,48.80138888888889,1.75,"34,9",78513
1809428,0782290144,26,48.80138888888889,1.75,"34,9",78513
1736078,0782700113,23,48.47972222222222,1.8522222222222222,40,78071
1736078,0782750796,23,48.47972222222222,1.8522222222222222,40,78071
1930677,0780990218,26,48.725,1.8972222222222221,"25,5",78220
1913564,0782700150,26,48.90694444444444,2.117777777777778,22,78418
1866260,0782290485,38,48.77333333333333,2.082777777777778,"21,4",78297
1736442,0780990164,26,48.81916666666667,1.9024999999999999,"26,5",78442
1780245,0780990179,26,48.833333333333336,1.928611111111111,32,78615
1780245,0782290347,26,48.833333333333336,1.928611111111111,32,78615
1746470,0780466083,23,48.7725,2.1475,"7,4",78322
1746474,0780466084,23,48.78722222222222,2.1516666666666664,"10,4",78646
1746478,0780466086,23,48.81333333333333,1.7469444444444444,"22,4",78265
1821489,0780466087,17,48.82666666666667,1.7030555555555555,9,78465
1702571,0780466071,23,48.86472222222223,2.1147222222222224,25,78350
1702586,0780466072,17,48.87138888888889,2.0969444444444445,9,78372
1702609,0780466073,23,48.86694444444444,2.051388888888889,20,78224
1702734,0780466076,23,48.90277777777778,2.0733333333333337,15,78551
1954971,0780990228,38,48.844166666666666,2.1375,30,78126
1954973,0780990229,38,48.784166666666664,2.0419444444444443,"34,6",78423
1719554,0780990159,38,48.64555555555555,1.8375000000000001,"19,5",78517
1879727,0782700474,17,48.93333333333333,2.176944444444444,12,78311
1817161,0780031468,17,48.80638888888888,2.031111111111111,6,78073
1817163,0780031469,17,48.80638888888888,2.0305555555555554,8,78073
1954203,0780990225,17,48.94583333333333,2.151944444444444,"18,6",78358
1954205,0780990226,26,48.99916666666667,1.6911111111111112,"24,5",78361
1776442,0782700468,38,48.96666666666667,2.066111111111111,"24,7",78005
1776442,0780990055,38,48.96666666666667,2.066111111111111,"24,7",78005
1818823,0782290536,20,48.82166666666667,2.1419444444444444,"19,4",78646
1810046,0780990186,17,48.78,2.2047222222222222,"24,7",78640
1823875,0782290538,23,48.78138888888889,2.11,"59,6",78646
1823875,0782750790,23,48.78138888888889,2.11,"59,6",78646
1889347,0782290539,38,48.78666666666666,2.044722222222222,"40,8",78423
1889347,0782750792,38,48.78666666666666,2.044722222222222,"40,8",78423
1889347,0782700502,38,48.78666666666666,2.044722222222222,"40,8",78423
1764000,0780031413,17,48.925555555555555,2.1863888888888887,15,78311
1920920,0782750845,23,48.96555555555556,1.7169444444444446,"17,6",78362
1705078,0780466064,23,48.987500000000004,1.7066666666666666,32,78362
1831335,0780990191,38,48.825,2.143611111111111,"18,4",78646
1831335,0782750219,38,48.825,2.143611111111111,"18,4",78646
1748106,0780466092,23,48.689722222222215,1.8552777777777778,"10,4",78486
1748158,0780466093,23,48.64611111111111,1.836388888888889,"22,4",78517
1748207,0780466094,23,48.62583333333333,1.7688888888888887,"10,4",78269
1852526,0780990196,38,48.765,1.9483333333333333,"28,4",78383
2005716,0782290532,38,48.77611111111111,2.0008333333333335,24,78621
2005716,0782750881,38,48.77611111111111,2.0008333333333335,24,78621
1936365,0782700487,26,48.83638888888889,2.083888888888889,15,78043
1936365,0782750671,26,48.83638888888889,2.083888888888889,15,78043
1936369,0782700488,17,48.85055555555556,2.056111111111111,"19,1",78455
1936369,0782750285,17,48.85055555555556,2.056111111111111,"19,1",78455
1809443,0782290371,23,48.894999999999996,2.1261111111111113,17,78650
1979040,0780990234,38,48.76555555555556,2.0763888888888893,"20,1",78297
1979040,0782290450,38,48.76555555555556,2.0763888888888893,"20,1",78297
1979040,0782750911,38,48.76555555555556,2.0763888888888893,"20,1",78297
1791298,0782700469,17,48.79277777777778,1.972777777777778,"16,1",78208
1903337,0780466099,17,48.97027777777778,2.075,17,78005
1993333,0782750873,26,48.740833333333335,1.9213888888888888,"26,1",78168
1748486,0780031455,38,48.995555555555555,1.685,75,78361
1716845,0780990156,38,48.801944444444445,2.0725000000000002,"19,8",78545
1712637,0782700465,23,48.952222222222225,2.0324999999999998,"42,4",78123
1712637,0782750769,23,48.952222222222225,2.0324999999999998,"42,4",78123
1712637,0780990175,23,48.952222222222225,2.0324999999999998,"42,4",78123
1712637,0782290553,23,48.952222222222225,2.0324999999999998,"42,4",78123
1747512,0780466088,23,48.797777777777775,1.6202777777777777,"22,4",78381
1726458,0780990162,38,48.65277777777778,1.8208333333333333,"24,9",78517
1726458,0782290253,38,48.65277777777778,1.8208333333333333,"24,9",78517
1948465,0782700498,26,48.92361111111111,1.6930555555555555,15,78677
1948465,0782750482,26,48.92361111111111,1.6930555555555555,15,78677
1934979,0780990219,38,49.00194444444445,2.104166666666667,"19,8",78172
1821408,0780466079,23,48.82361111111111,1.9936111111111112,17,78165
1737066,0780466080,23,48.83222222222223,1.943888888888889,"16,4",78490
1737077,0780466081,23,48.827222222222225,1.8800000000000001,"15,4",78683
1937280,0782750645,26,48.97027777777778,1.8622222222222222,"32,6",78238
1773555,0782290533,9,48.89833333333333,2.0947222222222224,0,78551
1806656,0780230009,17,48.79083333333333,2.0602777777777774,7,78297
1903812,0780466096,17,48.831388888888895,1.9430555555555555,6,78490
1936476,0782700480,48,48.86638888888889,1.786111111111111,33,78616
1936476,0782750623,48,48.86638888888889,1.786111111111111,33,78616
1737221,0780990165,38,48.776666666666664,2.001388888888889,"25,9",78621
1866773,0780990201,23,48.62833333333333,1.7855555555555553,"27,5",78269
1903428,0780466100,17,48.99722222222222,2.0975,12,78172
1903438,0780466101,17,48.9925,1.9130555555555555,6,78440
1826897,0780300054,26,48.790277777777774,2.107222222222222,23,78646
1826897,0782700075,26,48.790277777777774,2.107222222222222,23,78646
1891810,0780990205,48,48.933055555555555,1.9925000000000002,"21,6",78672
1719117,0780990158,26,48.805,1.8163888888888888,31,78389
1713222,0780031448,9,48.805277777777775,2.1327777777777777,0,78646
1970820,0780031495,17,48.755833333333335,1.9261111111111109,4,78168
1736898,0780466077,10,48.800555555555555,2.173611111111111,13,78686
1736967,0780466095,23,48.79527777777778,2.0994444444444444,"22,4",78646
1737039,0780466078,23,48.79861111111111,2.0719444444444446,"6,4",78545
1901284,0780990207,26,48.83638888888889,2.0836111111111113,"13,5",78043
1919820,0780990151,23,48.81361111111111,1.8752777777777778,30,78683
1919820,0782750841,23,48.81361111111111,1.8752777777777778,30,78683
1936392,0782700475,26,49.026666666666664,1.7602777777777778,22,78246
1936392,0782750537,26,49.026666666666664,1.7602777777777778,22,78246
1734821,0780990163,26,49.005833333333335,1.8877777777777778,35,78299
1755202,0780990169,23,48.480000000000004,1.8591666666666669,"32,5",78478
1879848,0782700175,23,48.995555555555555,1.8572222222222223,20,78327
1742531,0780990166,38,48.930277777777775,2.1630555555555553,"17,1",78586
1742531,0782700186,38,48.930277777777775,2.1630555555555553,"17,1",78586
1703660,0780460374,23,48.85472222222222,2.1322222222222225,18,78126
1711647,0782290530,38,48.794999999999995,2.1475,"19,6",78646
1928743,0780990217,23,48.995,1.9894444444444446,26,78624
1745314,0782700466,23,48.61611111111111,1.9227777777777777,"32,3",78164
1745314,0782750182,23,48.61611111111111,1.9227777777777777,"32,3",78164
1724044,0782700244,26,48.72083333333334,1.9272222222222222,22,78334
1724044,0782750794,26,48.72083333333334,1.9272222222222222,22,78334
1848159,0780031475,31,48.5,1.8052777777777778,20,78506
1942426,0780180027,17,48.79333333333333,2.118611111111111,13,78646
1942430,0780180029,17,48.77972222222222,2.172222222222222,20,78322
1942432,0780180030,17,48.83972222222222,2.11,10,78158
1942434,0780180031,17,48.92444444444444,2.0027777777777778,8,78466
1942436,0780180032,17,48.780277777777776,2.0175,8,78621
1942438,0780180033,17,48.790277777777774,1.6297222222222223,15,78381
1942440,0780180034,17,48.7975,1.9283333333333332,6,78490
1786127,0782290535,17,48.94,2.0463888888888886,"43,7",78498
1786127,0782700433,17,48.94,2.0463888888888886,"43,7",78498
1853742,0780031476,17,48.80166666666666,1.983888888888889,18,78490
1856901,0782700211,23,48.788888888888884,2.0594444444444444,19,78297
1856916,0782700210,23,48.7625,1.9672222222222224,32,78208
1907552,0782700103,38,48.900277777777774,2.1602777777777775,30,78146
1960544,0780990230,23,48.731944444444444,2.0377777777777775,30,78356
1701347,0780466066,23,48.9575,2.1244444444444444,30,78551
1701360,0780466067,23,48.93444444444444,2.0441666666666665,22,78498
1701552,0780466068,23,48.80555555555555,2.168611111111111,7,78686
1701573,0780466069,23,48.806666666666665,2.151111111111111,7,78646
1894290,0780466097,17,48.64416666666666,1.8311111111111111,4,78517
1894294,0780466098,17,48.794444444444444,2.1380555555555554,"10,5",78646
1784866,0782700012,20,48.72416666666667,1.9580555555555554,24,78334
1784866,0782750795,20,48.72416666666667,1.9580555555555554,24,78334
1903463,0780466102,17,48.99,1.7030555555555555,12,78361
1903468,0780466103,17,49.005833333333335,1.902222222222222,12,78299
1903471,0780466106,17,48.933055555555555,2.041111111111111,8,78498
1903478,0780466104,17,48.93388888888889,2.1622222222222223,12,78586
1783926,0782290534,23,48.61611111111111,1.9213888888888888,29,78164
1966355,0780990232,4,48.86,2.1463888888888887,24,78126
1966355,0782700077,4,48.86,2.1463888888888887,24,78126
1724231,0780990161,26,48.936388888888885,1.836388888888889,"42,4",78033
1798466,0780990181,26,49.02583333333333,1.7597222222222222,"23,5",78246
1901675,0780990208,26,48.5775,1.735,"36,5",78209
1778359,0780990180,26,48.96055555555556,2.1494444444444443,"28,5",78358
1942643,0782700491,26,48.788888888888884,1.6044444444444446,22,78310
1942643,0782750310,26,48.788888888888884,1.6044444444444446,22,78310
1944610,0780031492,17,48.80138888888889,2.1394444444444445,15,78646
1865663,0782700233,23,48.92305555555555,1.8475000000000001,32,78033
1865663,0782750821,23,48.92305555555555,1.8475000000000001,32,78033
1865714,0782700225,26,48.775,1.961111111111111,25,78208
1760692,0780990173,17,48.79888888888889,2.127222222222222,"19,2",78646
1745874,0780466082,23,48.764722222222225,2.1630555555555553,"21,4",78322
1747615,0780460317,23,48.805,1.7994444444444444,"22,4",78262
1813857,0780990187,26,48.933611111111105,2.176388888888889,"24,1",78586
1922300,0780990215,23,48.90833333333333,1.7791666666666666,"31,5",78325
1922302,0780990216,26,48.75888888888889,2.0455555555555556,"19,5",78688
1700991,0780466060,23,48.99194444444444,2.0758333333333336,17,78172
1700996,0780466061,23,48.97027777777778,2.0275,22,78138
1701008,0780466062,23,49.00611111111111,1.9144444444444444,24,78401
1701010,0780466063,23,48.98305555555556,1.8086111111111112,22,78267
1707528,0780990155,23,49.04222222222222,1.8155555555555556,"32,5",78329
1707528,0782750477,23,49.04222222222222,1.8155555555555556,"32,5",78329
1707528,0782700473,23,49.04222222222222,1.8155555555555556,"32,5",78329
1825036,0780990190,38,48.772777777777776,2.0797222222222222,"25,5",78297
1825036,0782700058,38,48.772777777777776,2.0797222222222222,"25,5",78297
1825036,0782750763,38,48.772777777777776,2.0797222222222222,"25,5",78297
1916343,0780990213,26,48.85888888888889,1.9708333333333334,"27,1",78233
1916343,0782700084,26,48.85888888888889,1.9708333333333334,"27,1",78233
1916343,0782750831,26,48.85888888888889,1.9708333333333334,"27,1",78233
1905234,0780990212,17,48.786944444444444,2.0452777777777778,39,78423
1761154,0782750797,26,48.81027777777778,2.0541666666666667,"41,9",78242
1761154,0780990172,26,48.81027777777778,2.0541666666666667,"41,9",78242
1761154,0782290540,26,48.81027777777778,2.0541666666666667,"41,9",78242
1944892,0780990223,17,48.7725,2.0588888888888888,"25,5",78297
1944892,0782290029,17,48.7725,2.0588888888888888,"25,5",78297
1819372,0780990189,26,48.79861111111111,1.597777777777778,36,78310
1862622,0782290113,26,48.995555555555555,1.860277777777778,21,78327
1825647,0780220090,23,48.750277777777775,1.7225000000000001,"32,5",78264
1825647,0782290131,23,48.750277777777775,1.7225000000000001,"32,5",78264
1712826,0782290531,4,49.045833333333334,1.5238888888888888,"28,6",78320
1942987,0780180035,17,48.52722222222222,1.8316666666666666,5,78003
1903036,0780990210,23,48.72222222222222,2.0719444444444446,"30,5",78356
1903038,0780990211,38,48.927499999999995,2.0508333333333333,"36,1",78498
1929536,0780466105,17,48.794444444444444,2.1347222222222224,15,78646
1965210,0782750869,23,48.76111111111111,2.062777777777778,20,78688
1747998,0780466089,23,48.78777777777778,2.0458333333333334,"8,4",78423
1748008,0780466090,23,48.76444444444444,1.9711111111111113,"20,4",78208
1748027,0780466091,23,48.72527777777778,1.8944444444444444,"10,4",78220
1907325,0782700217,38,48.776666666666664,2.0008333333333335,"24,6",78621
1858910,0780031477,17,48.92833333333333,2.0391666666666666,10,78498
2001210,0782290543,38,48.774166666666666,2.0733333333333337,"26,5",78297
2025999,0782750893,17,48.987500000000004,1.908611111111111,"20,3",78440
1994395,0780990238,23,48.91,2.0283333333333333,"26,5",78133
2028699,0780990244,17,48.90555555555555,2.0475,13,78133
2028699,0782700317,17,48.90555555555555,2.0475,13,78133
1990531,0780990235,38,48.717777777777776,2.101388888888889,18,78356
2025679,0782750890,23,48.98916666666667,1.7575,17,78335
2022747,0780990243,26,48.78444444444444,2.096388888888889,33,78646
2022747,0782750773,26,48.78444444444444,2.096388888888889,33,78646
2022747,0782700729,26,48.78444444444444,2.096388888888889,33,78646
2024079,0780031506,38,48.79972222222222,2.160833333333333,25,78686
2039656,0780990245,26,48.749722222222225,1.9655555555555555,"31,5",78397
2043003,0780990242,38,48.873333333333335,2.0855555555555556,17,78372
2043003,0782290362,38,48.873333333333335,2.0855555555555556,17,78372
2057336,0782750907,17,48.77333333333333,2.0716666666666668,20,78297
2052525,0782700460,38,49.007222222222225,1.9649999999999999,16,78638
2052525,0780990241,38,49.007222222222225,1.9649999999999999,16,78638
2052161,0782750895,38,48.78194444444444,2.0533333333333332,16,78297
2065608,0782750921,23,48.95277777777778,2.1822222222222223,"31,1",78586
2052080,0782700124,17,48.88722222222222,2.0983333333333336,"35,5",78481
2052080,0782750900,17,48.88722222222222,2.0983333333333336,"35,5",78481
2052080,0780990273,17,48.88722222222222,2.0983333333333336,"35,5",78481
2061201,0780990042,38,48.933055555555555,2.1525,14,78586
2061201,0782750912,38,48.933055555555555,2.1525,14,78586
2054761,0782750903,38,48.80472222222222,2.1319444444444446,"27,5",78646
2067167,0782750920,23,48.98305555555556,1.8930555555555555,32,78440
2054865,0780990247,23,48.99777777777778,1.821388888888889,"27,5",78267
2058963,0782750909,38,48.801944444444445,2.0719444444444446,20,78545
2056904,0782750905,26,48.987500000000004,1.735,21,78335
2064775,0780031509,17,49.03472222222222,1.5677777777777777,6,78089
2067750,0782750923,26,48.78333333333333,1.9477777777777778,30,78208
2066540,0780990248,17,48.85777777777778,2.128888888888889,29,78092
2066540,0782290020,17,48.85777777777778,2.128888888888889,29,78092
2064106,0782750916,17,48.76972222222222,1.9444444444444444,"25,2",78383
2086242,0780990251,4,48.74722222222222,1.9519444444444445,44,78644
2086242,0782700064,4,48.74722222222222,1.9519444444444445,44,78644
2086242,0782290602,4,48.74722222222222,1.9519444444444445,44,78644
2079433,0782750884,17,48.98861111111111,1.6674999999999998,11,78118
2085028,0782750927,26,48.7975,2.0116666666666667,30,78423
2089714,0780990252,26,48.61555555555556,1.922222222222222,"25,6",78164
2095314,0780990253,38,48.82666666666667,1.9458333333333333,25,78490
2095314,0782290290,38,48.82666666666667,1.9458333333333333,25,78490
2127147,0780990257,38,48.88583333333333,2.062222222222222,"15,8",78551
2103650,0782750931,26,48.967777777777776,2.0330555555555554,25,78138
2099971,0780464307,23,48.62388888888889,1.7236111111111112,50,78557
2099971,0782290546,23,48.62388888888889,1.7236111111111112,50,78557
2146299,0780990259,38,48.92777777777778,2.1938888888888886,"24,5",78311
2150898,0782750940,38,48.82666666666667,1.9880555555555557,26,78165
2146023,0782700227,38,48.96666666666667,1.7166666666666668,21,78362
2122223,0780460306,23,48.743611111111115,1.9216666666666664,20,78168
2122223,0782750934,23,48.743611111111115,1.9216666666666664,20,78168
2118965,0780990254,38,48.86361111111111,2.1241666666666665,25,78350
2118965,0782750205,38,48.86361111111111,2.1241666666666665,25,78350
2131794,0780990246,38,48.775277777777774,1.9472222222222222,24,78208
2131794,0782700503,38,48.775277777777774,1.9472222222222222,24,78208
2155826,0782750943,38,48.94166666666666,2.163611111111111,22,78586
2166408,0782750948,38,48.995,1.683888888888889,"18,6",78361
2192619,0780990268,17,48.993611111111115,1.746388888888889,24,78335
2173179,0780031465,17,48.79833333333333,1.9702777777777778,35,78208
2173179,0782050016,17,48.79833333333333,1.9702777777777778,35,78208
2163784,0780990262,38,48.986666666666665,1.7055555555555555,"26,4",78362
2156641,0782750947,38,49.004444444444445,2.0905555555555555,"14,9",78172
2161651,0780990260,23,48.802499999999995,1.7919444444444443,"31,5",78262
2173014,0780990264,26,48.71388888888889,2.091111111111111,25,78575
2206063,0782290551,17,49.00222222222222,1.9277777777777776,23,78440
2206063,0782700450,17,49.00222222222222,1.9277777777777776,23,78440
2173474,0780990265,23,48.469722222222224,1.835277777777778,"33,3",78472
2195075,0780990270,26,48.74,1.9213888888888888,25,78168
2181490,0780990267,38,48.780833333333334,1.9802777777777778,18,78621
2181490,0782750793,38,48.780833333333334,1.9802777777777778,18,78621
2192469,0780990269,38,48.80416666666667,2.1625,19,78646
2233100,0782750977,26,48.94916666666666,2.0105555555555554,31,78624
2203303,0782750957,38,48.972500000000004,2.027222222222222,"20,7",78138
2216003,0782750968,38,48.719722222222224,2.1033333333333335,"16,7",78356
2210519,0782750963,17,48.759166666666665,1.9452777777777779,"17,7",78383
2214194,0782750970,23,48.971944444444446,1.7874999999999999,32,78314
2227729,0780990279,23,49.065,1.663611111111111,34,78410
2227729,0782290541,23,49.065,1.663611111111111,34,78410
2227729,0782751144,23,49.065,1.663611111111111,34,78410
2227729,0782700723,23,49.065,1.663611111111111,34,78410
2207110,0782750960,38,48.88444444444444,2.1494444444444443,14,78146
2198515,0782290550,38,48.75861111111111,1.9358333333333333,"23,5",78168
2205067,0780990271,26,48.8525,2.049444444444444,31,78455
2209307,0782750964,26,49.007777777777775,2.0805555555555557,"25,2",78172
2220117,0780990274,38,48.89527777777778,2.106666666666667,"20,5",78481
2225680,0782750972,23,48.968611111111116,1.924722222222222,32,78140
2226859,0782750971,23,48.72222222222222,2.0719444444444446,31,78356
2226499,0780990278,26,48.799166666666665,1.963611111111111,37,78490
2214528,0782750967,38,48.797777777777775,2.1283333333333334,"22,1",78646
2212033,0782290552,17,49.05027777777777,1.4775,"13,8",78068
2232257,0782750976,38,48.94361111111111,2.1805555555555554,"26,5",78586
2211691,0782290198,38,48.901111111111106,2.1458333333333335,28,78146
2211691,0782750966,38,48.901111111111106,2.1458333333333335,28,78146
2206441,0782750962,38,49.004444444444445,2.102777777777778,"23,1",78172
2220045,0780990275,17,48.805,2.1441666666666666,"17,5",78646
2206519,0782750959,38,48.96638888888889,2.0655555555555556,"24,1",78005
2225619,0780990277,17,48.90083333333333,2.143611111111111,31,78146
2225619,0782700259,17,48.90083333333333,2.143611111111111,31,78146
2264275,0782750986,9,48.89833333333333,2.095,1,78551
2264455,0780031550,17,48.83416666666667,1.9302777777777775,20,78615
2264455,0780031551,17,48.83416666666667,1.9302777777777775,20,78615
2260247,0780990147,38,48.885555555555555,2.154444444444444,20,78146
2260247,0782290557,38,48.885555555555555,2.154444444444444,20,78146
2241508,0782290555,23,48.92611111111111,1.7708333333333333,30,78281
2254836,0780990285,38,48.91222222222222,2.197222222222222,"16,4",78124
2254862,0780990286,38,48.99,2.065,"20,5",78015
2246862,0780990282,38,48.897777777777776,2.111666666666667,22,78481
2246862,0782700125,38,48.897777777777776,2.111666666666667,22,78481
2240234,0782750981,38,48.88361111111111,2.133888888888889,18,78650
2241952,0780990280,26,48.77194444444444,2.016388888888889,25,78423
2242498,0780460327,23,48.915,2.1955555555555555,22,78124
2242498,0782750980,23,48.915,2.1955555555555555,22,78124
2246713,0780990284,42,48.92361111111111,1.6927777777777777,18,78677
2256916,0782290556,23,49.050555555555555,1.6549999999999998,"35,4",78437
2273962,0782750985,26,48.933611111111105,2.176944444444444,"25,1",78311
2254372,0782700126,38,48.85194444444445,2.145277777777778,15,78126
2246131,0782750982,48,48.79222222222222,2.0533333333333332,"26,5",78297
2254547,0782750974,26,48.77611111111111,2.022777777777778,"21,5",78423
2367797,0780990310,26,48.96388888888889,1.8608333333333333,"31,7",78029
2367799,0780990311,17,49.00416666666667,2.0908333333333333,"17,2",78172
2411672,0782290580,23,48.94194444444444,1.546111111111111,30,78444
2386761,0780990320,23,48.69777777777777,1.5875000000000001,"43,9",78606
2272187,0780990288,17,48.794999999999995,1.9733333333333334,"16,3",78208
2402702,0782751016,26,48.76777777777777,1.9769444444444446,24,78621
2306019,0782750999,23,48.97972222222222,1.688611111111111,12,78362
2306154,0782290565,4,48.98444444444444,1.5105555555555557,40,78344
2380230,0780990314,23,48.73638888888889,1.6477777777777778,"32,6",78171
2409680,0782751006,38,48.94222222222222,2.194444444444444,27,78586
2312928,0782751002,23,48.76777777777777,2.055833333333333,"21,5",78297
2275184,0782750988,38,48.98166666666667,1.9722222222222223,"16,6",78642
2299167,0780990293,23,48.526666666666664,1.9725000000000001,"31,8",78569
2277006,0782050019,17,48.77833333333333,2.192222222222222,11,78640
2397123,0780990321,38,48.99305555555556,2.0922222222222224,20,78172
2315107,0782700508,38,48.82611111111112,1.9602777777777778,15,78490
2315107,0782750918,38,48.82611111111112,1.9602777777777778,15,78490
2331443,0782290570,17,49.035555555555554,1.5958333333333334,"15,5",78255
2337497,0782751009,38,48.98166666666667,1.7105555555555556,"22,8",78362
2405096,0780990324,38,48.83972222222222,2.122777777777778,"18,6",78126
2412275,0782290212,38,48.74055555555556,2.0900000000000003,16,78143
2412275,0780990325,38,48.74055555555556,2.0900000000000003,16,78143
2437003,0782290554,26,48.78333333333333,1.9483333333333333,30,78208
2437003,0782700515,26,48.78333333333333,1.9483333333333333,30,78208
2382581,0780990318,26,48.797777777777775,1.6680555555555554,"25,7",78048
2382618,0782290576,17,48.90555555555555,2.0394444444444444,"23,4",78133
2284920,0782290561,17,48.8,2.1286111111111112,"14,7",78646
2373345,0780990312,23,48.63472222222222,1.7816666666666665,"40,2",78269
2378419,0780990373,17,48.92027777777778,2.1838888888888888,21,78311
2378419,0782700510,17,48.92027777777778,2.1838888888888888,21,78311
2378419,0782751008,17,48.92027777777778,2.1838888888888888,21,78311
2378419,0782290628,17,48.92027777777778,2.1838888888888888,21,78311
2409342,0782751019,38,48.79388888888889,1.9744444444444447,17,78208
2330906,0782751011,26,48.76,1.9233333333333331,25,78383
2275698,0782050018,17,48.780277777777776,2.1888888888888887,20,78640
2336857,0780466051,26,48.865,2.051111111111111,30,78224
2336884,0780466053,42,48.79888888888889,2.073888888888889,20,78646
2336886,0780466054,26,48.79527777777778,2.093055555555556,25,78646
2284067,0780990290,38,48.995,2.0986111111111114,"13,2",78172
2266418,0782750987,38,48.78361111111111,2.177222222222222,27,78640
2297099,0782290563,23,49.0075,2.086388888888889,30,78172
2335901,0780990113,26,48.808055555555555,2.0388888888888888,"39,4",78242
2335901,0782751013,26,48.808055555555555,2.0388888888888888,"39,4",78242
2327769,0782700509,26,48.97416666666667,2.040277777777778,"32,2",78138
2308966,0780990296,38,48.98972222222222,2.0747222222222224,19,78172
2308966,0782750886,38,48.98972222222222,2.0747222222222224,19,78172
2325399,0782290567,23,48.87083333333334,1.613611111111111,30,78163
2325399,0780220094,23,48.87083333333334,1.613611111111111,30,78163
2325399,0780990333,23,48.87083333333334,1.613611111111111,30,78163
2325399,0782700512,23,48.87083333333334,1.613611111111111,30,78163
2325399,0782751042,23,48.87083333333334,1.613611111111111,30,78163
2323066,0780030867,38,48.837500000000006,2.129166666666667,21,78126
2323066,0780990300,38,48.837500000000006,2.129166666666667,21,78126
2335751,0782290571,23,48.92916666666667,1.5274999999999999,30,78444
2360919,0780990308,23,48.9575,1.888611111111111,"31,9",78090
2360921,0780990309,26,48.78333333333333,1.9477777777777778,"31,5",78208
2404436,0780990323,38,48.784166666666664,2.116388888888889,29,78646
2290129,0782750993,38,48.78583333333333,2.2086111111111113,23,78640
2284586,0780031443,38,48.961111111111116,1.8727777777777779,17,78238
2284586,0782750992,38,48.961111111111116,1.8727777777777779,17,78238
2284586,0782700553,38,48.961111111111116,1.8727777777777779,17,78238
2274825,0782290560,38,48.7975,2.13,20,78646
2381350,0782751017,23,48.816944444444445,1.9188888888888886,14,78490
2419269,0780990326,17,48.801944444444445,2.0252777777777777,"15,3",78073
2350252,0782750867,38,48.76916666666666,1.996388888888889,26,78621
2350252,0782290343,38,48.76916666666666,1.996388888888889,26,78621
2419350,0782751022,23,49.028055555555554,1.918611111111111,"25,6",78609
2297614,0782290564,23,49.052499999999995,1.8427777777777778,30,78317
2342600,0780990306,38,48.89277777777778,2.1347222222222224,"17,8",78650
2335964,0780466048,26,48.909444444444446,2.0747222222222224,21,78551
2335970,0780466049,42,48.901111111111106,2.073055555555556,20,78551
2335975,0780466050,42,48.88,2.0788888888888892,25,78367
2375882,0780990313,38,48.93083333333333,2.0569444444444445,46,78498
2375882,0782750956,38,48.93083333333333,2.0569444444444445,46,78498
2375882,0782700546,38,48.93083333333333,2.0569444444444445,46,78498
2378964,0780990315,23,49.01861111111111,1.7216666666666667,"30,3",78239
2378966,0780990316,38,48.94277777777778,2.1877777777777774,"16,4",78586
2315230,0782751005,17,48.78333333333333,2.2241666666666666,11,78640
2326356,0780990302,26,48.78333333333333,1.9700000000000002,"32,7",78208
2326358,0780990303,23,48.96666666666667,1.9502777777777778,32,78140
2373176,0780466052,42,48.8425,2.0591666666666666,20,78455
2320373,0782700506,38,48.98388888888889,1.7230555555555558,"19,8",78361
2328117,0780990304,38,48.94166666666666,2.164722222222222,"18,8",78586
2312041,0782700507,38,48.983333333333334,1.9088888888888889,"16,7",78440
2425176,0780990328,23,48.71666666666667,1.7974999999999999,"36,7",78108
2311204,0780990297,23,48.940555555555555,1.5477777777777777,30,78444
2622094,0782700528,48,49.01722222222222,1.7069444444444444,30,78239
2622134,0780600039,23,48.98277777777778,1.6797222222222221,15,78118
2622136,0780600041,23,49.02111111111111,1.5477777777777777,14,78668
2576065,0780990350,38,48.791666666666664,1.9649999999999999,"18,7",78208
2622138,0780600042,23,49.02638888888889,1.4830555555555556,20,78147
2618123,0780990366,17,48.58777777777778,1.9880555555555557,"16,6",78522
2537641,0782290599,38,48.797777777777775,2.1341666666666668,26,78646
2537641,0782750656,38,48.797777777777775,2.1341666666666668,26,78646
2618271,0782700527,26,48.80222222222222,1.9805555555555556,26,78490
2484086,0780990340,23,48.96055555555556,1.7586111111111111,"31,9",78291
2539401,0780990346,38,48.92055555555555,2.199722222222222,"14,5",78311
2539401,0782700190,38,48.92055555555555,2.199722222222222,"14,5",78311
2437970,0782290581,48,48.947222222222216,2.187222222222222,25,78586
2522176,0780990295,23,48.77222222222222,1.7616666666666667,43,78289
2522176,0782290595,23,48.77222222222222,1.7616666666666667,43,78289
2624308,0782290611,26,48.657222222222224,1.6758333333333333,45,78307
2566701,0782700522,17,48.89555555555555,2.105277777777778,27,78481
2606452,0782751065,23,48.980000000000004,1.9980555555555557,26,78624
2479135,0782751039,26,48.93583333333333,2.0233333333333334,19,78123
2577887,0782290603,23,48.71388888888889,1.6502777777777777,47,78006
2577887,0782700513,23,48.71388888888889,1.6502777777777777,47,78006
2577887,0780990479,23,48.71388888888889,1.6502777777777777,47,78006
2658272,0780990374,17,48.948055555555555,2.0375,"19,8",78123
2590096,0782700524,38,48.914722222222224,2.1733333333333333,"28,6",78124
2580614,0782290604,48,49.01694444444444,1.7066666666666666,31,78239
2599365,0780990358,38,48.99305555555556,1.6941666666666666,"18,8",78361
2433925,0780990330,38,48.94472222222222,2.200555555555556,"39,9",78586
2577419,0780990351,38,48.918055555555554,2.0377777777777775,"14,9",78498
2603474,0780990359,23,48.8675,1.7108333333333332,"40,2",78475
2640737,0782751068,17,48.827222222222225,1.9719444444444445,"12,3",78165
2509689,0782290605,23,48.97916666666667,1.5380555555555555,37,78558
2509689,0780990361,23,48.97916666666667,1.5380555555555555,37,78558
2509689,0782700517,23,48.97916666666667,1.5380555555555555,37,78558
2509689,0782751085,23,48.97916666666667,1.5380555555555555,37,78558
2456572,0782290586,17,48.890277777777776,2.113611111111111,8,78481
2456581,0782751027,38,49.00555555555555,1.9147222222222222,"17,5",78401
2577441,0780990352,26,48.94972222222222,2.1983333333333333,"20,2",78586
2637612,0782700533,23,48.619166666666665,1.6875,"36,1",78516
2637612,0782751163,23,48.619166666666665,1.6875,"36,1",78516
2637612,0780990513,23,48.619166666666665,1.6875,"36,1",78516
2637612,0782290686,23,48.619166666666665,1.6875,"36,1",78516
2589444,0782751059,23,48.98388888888889,2.052222222222222,"18,5",78015
2540254,0780990347,23,48.90138888888889,1.5466666666666666,30,78413
2589449,0782751058,38,48.78138888888889,2.19,"17,6",78640
2540328,0782700519,26,48.96472222222223,1.6844444444444444,"28,5",78354
2436352,0782751023,23,48.75888888888889,1.956388888888889,"26,5",78644
2463198,0780990335,38,48.99055555555556,2.0524999999999998,20,78015
2463198,0782750753,38,48.99055555555556,2.0524999999999998,20,78015
2555417,0782290601,48,48.776666666666664,2.0377777777777775,24,78423
2555417,0782750949,48,48.776666666666664,2.0377777777777775,24,78423
2438305,0782751018,38,48.94833333333333,2.062222222222222,15,78498
2621385,0780600036,23,48.970555555555556,1.9052777777777776,20,78090
2514149,0780990305,23,48.945277777777775,1.7455555555555555,36,78291
2514149,0782290593,23,48.945277777777775,1.7455555555555555,36,78291
2593319,0780990249,48,48.748333333333335,1.8808333333333334,36,78576
2593319,0782290606,48,48.748333333333335,1.8808333333333334,36,78576
2481695,0782290591,17,48.81388888888888,2.1044444444444443,"13,5",78646
2581557,0782751057,38,48.98277777777778,1.9130555555555555,"26,4",78440
2632375,0780990370,23,48.86833333333333,1.9908333333333335,"25,9",78571
2543847,0780031552,38,48.75111111111111,1.9208333333333332,17,78168
2543849,0780031554,17,48.819722222222225,2.0788888888888892,8,78043
2643977,0782700535,26,48.96027777777778,2.151111111111111,26,78358
2494730,0782751044,38,48.80277777777778,2.1319444444444446,10,78646
2680076,0780990377,23,48.900277777777774,1.613611111111111,32,78192
2680076,0782290600,23,48.900277777777774,1.613611111111111,32,78192
2470502,0782751040,38,48.834722222222226,1.995,"16,9",78674
2477648,0780990339,38,48.78388888888889,2.2080555555555557,"20,5",78640
2438456,0782290193,23,48.80416666666667,1.8527777777777779,30,78443
2438456,0780220093,23,48.80416666666667,1.8527777777777779,30,78443
2438456,0780990439,23,48.80416666666667,1.8527777777777779,30,78443
2470524,0782751041,26,48.98694444444445,1.8211111111111111,25,78267
2495896,0780990342,38,48.995,1.6766666666666665,"17,9",78361
2495896,0782700273,38,48.995,1.6766666666666665,"17,9",78361
2470619,0780990337,48,48.76777777777777,1.94,"31,7",78383
2685094,0782751083,23,48.99166666666667,2.0069444444444446,24,78624
2462324,0780990334,38,48.79694444444444,2.064722222222222,"15,4",78545
2556544,0782751054,26,48.78666666666666,1.9380555555555556,"31,6",78321
2685101,0782751084,23,48.905,2.056388888888889,20,78551
2670965,0782290615,26,48.94499999999999,1.7916666666666665,"31,2",78402
2623527,0780990367,23,48.98361111111111,1.8927777777777777,"31,9",78440
2623529,0780990368,48,48.975833333333334,2.0194444444444444,"31,5",78624
2670568,0782751076,38,48.8925,2.1319444444444446,22,78650
2688146,0782751077,26,48.80555555555555,1.9613888888888888,18,78490
2435055,0782751025,23,48.97138888888889,2.066111111111111,"32,5",78005
2684605,0782700529,17,48.99055555555556,1.7416666666666667,"18,5",78335
2451747,0782751031,17,48.755,1.9302777777777775,"12,5",78168
2692453,0780990380,23,48.882222222222225,1.6627777777777777,30,78591
2511044,0782290592,4,48.91222222222222,1.7205555555555556,26,78020
2687326,0782751082,26,48.8075,1.8841666666666665,25,78683
2580010,0782700523,26,48.96666666666667,1.8472222222222223,25,78029
2580010,0782750843,26,48.96666666666667,1.8472222222222223,25,78029
2613723,0780990363,38,48.812777777777775,2.131666666666667,26,78646
2613723,0782290223,38,48.812777777777775,2.131666666666667,26,78646
2615493,0782700526,23,48.978611111111114,1.7047222222222222,36,78362
2615493,0782750941,23,48.978611111111114,1.7047222222222222,36,78362
2676120,0780990376,17,48.961666666666666,2.0694444444444446,"17,9",78005
2676162,0782751078,38,48.89333333333333,2.0641666666666665,31,78551
2693853,0780990381,17,49.01083333333333,1.8991666666666667,"15,4",78299
2497788,0782751045,38,48.91611111111111,2.177222222222222,"29,1",78124
2629308,0780990369,23,48.49777777777778,1.895,"33,3",78071
2548889,0780990348,38,48.92027777777778,2.033333333333333,"19,5",78498
2563326,0782700076,38,48.81222222222222,2.1552777777777776,"35,7",78646
2563326,0782751050,38,48.81222222222222,2.1552777777777776,"35,7",78646
2521964,0782290594,23,48.77638888888889,1.6294444444444445,30,78381
2522099,0782290596,26,48.94972222222222,2.198611111111111,20,78586
2592912,0780990356,17,48.99027777777778,1.7408333333333335,"18,5",78335
2592914,0780990357,17,48.77972222222222,2.04,"14,9",78423
2624860,0782751060,38,48.96138888888889,2.071388888888889,"16,4",78005
2674067,0782751067,26,48.96361111111111,1.8608333333333333,"31,7",78029
2672090,0782700536,17,48.87972222222222,2.0966666666666667,"27,7",78481
2690288,0780990378,17,48.77444444444444,2.073888888888889,"22,7",78297
2437031,0780990292,17,48.788888888888884,2.0349999999999997,18,78423
2437031,0782750958,17,48.788888888888884,2.0349999999999997,18,78423
2690290,0780990379,17,48.72944444444445,1.9291666666666665,"16,8",78334
2606937,0780990362,38,48.77111111111111,2.1705555555555556,16,78322
2606937,0782700001,38,48.77111111111111,2.1705555555555556,16,78322
2617660,0780990364,26,48.799166666666665,1.9791666666666667,"31,2",78208
2617662,0780990365,38,49.00388888888889,1.695,"18,2",78361
2465554,0782290187,38,48.783055555555556,1.9919444444444445,"31,7",78621
2465554,0782751035,38,48.783055555555556,1.9919444444444445,"31,7",78621
2685890,0782700538,23,48.966944444444444,1.8519444444444446,32,78029
2690397,0782700537,38,48.902499999999996,2.136388888888889,16,78650
2471795,0780990338,38,48.92222222222222,2.1766666666666663,"14,7",78311
2565588,0782700521,17,48.80416666666667,1.8930555555555555,"14,2",78321
2453671,0782751030,38,48.98583333333333,1.9647222222222223,"18,4",78642
2522774,0782290597,26,48.96,1.8888888888888888,"25,3",78090
2653384,0782290614,26,48.83027777777778,1.9786111111111113,"30,6",78165
2445291,0782290585,17,48.88388888888889,2.0683333333333334,15,78551
2594809,0782751063,38,48.790277777777774,2.147222222222222,"25,5",78646
2623259,0780990222,23,48.885,1.93,33,78189
2623259,0782290610,23,48.885,1.93,33,78189
2623259,0780220096,23,48.885,1.93,33,78189
2584822,0780990353,23,48.885555555555555,1.8525,"31,9",78415
2683820,0780990343,23,48.90972222222222,2.005,32,78498
2683820,0782751081,23,48.90972222222222,2.005,32,78498
2935267,0780990463,26,48.98722222222222,1.8197222222222222,30,78267
2935267,0782700561,26,48.98722222222222,1.8197222222222222,30,78267
2904256,0782700572,17,48.905277777777776,2.1405555555555553,16,78146
2948192,0780990467,26,48.75555555555555,2.080277777777778,25,78297
2948192,0782290624,26,48.75555555555555,2.080277777777778,25,78297
2892855,0780990438,26,48.95333333333333,2.1802777777777775,"31,1",78586
2892865,0782751116,23,48.922777777777775,2.0008333333333335,"27,9",78466
2747002,0782751102,26,48.8425,2.1130555555555555,"25,5",78126
2923647,0780990454,38,48.94638888888888,2.191111111111111,29,78586
2749613,0780990409,38,48.785,2.0505555555555555,"19,5",78297
2749720,0782700541,38,48.779444444444444,1.9783333333333335,"16,9",78621
2748064,0780990408,26,48.755,1.9402777777777778,"31,5",78168
2748064,0782290608,26,48.755,1.9402777777777778,"31,5",78168
2748281,0782700554,23,48.96805555555556,1.7049999999999998,30,78362
2875154,0780990436,38,48.92333333333333,2.0349999999999997,"23,4",78498
2904314,0782290110,4,48.940555555555555,2.1213888888888888,33,78396
2904314,0782700575,4,48.940555555555555,2.1213888888888888,33,78396
2950242,0782700702,17,48.980000000000004,1.9591666666666667,28,78642
2950242,0780990276,17,48.980000000000004,1.9591666666666667,28,78642
2883029,0780990437,26,48.778055555555554,1.8944444444444444,31,78321
2883029,0782290227,26,48.778055555555554,1.8944444444444444,31,78321
2909182,0780990443,38,48.931666666666665,2.1838888888888888,"15,7",78311
2929025,0780990456,38,48.876111111111115,2.140833333333333,"16,7",78190
2953066,0782700704,48,48.748333333333335,1.8808333333333334,36,78576
2953066,0782750926,48,48.748333333333335,1.8808333333333334,36,78576
2954062,0782700539,48,48.765277777777776,1.9119444444444444,31,78383
2954062,0782751125,48,48.765277777777776,1.9119444444444444,31,78383
2813103,0780990421,17,48.906388888888884,2.1172222222222223,"10,3",78418
2867489,0780990433,23,48.77777777777778,1.6508333333333332,"31,9",78263
2867491,0780990434,38,48.901944444444446,2.1169444444444445,"15,7",78481
2734102,0782700545,48,48.901944444444446,2.1791666666666667,36,78124
2773166,0780990033,38,48.91583333333333,2.176388888888889,27,78124
2773166,0782290622,38,48.91583333333333,2.176388888888889,27,78124
2736355,0782751090,26,48.77222222222222,1.9913888888888889,15,78621
2701841,0780990383,23,49.013888888888886,1.64,"25,9",78290
2783727,0782700556,48,48.95611111111111,1.8644444444444446,30,78238
2716093,0780990387,23,48.97,1.7105555555555556,"31,9",78362
2725119,0780990398,26,48.97944444444445,1.7197222222222224,36,78362
2725119,0782750953,26,48.97944444444445,1.7197222222222224,36,78362
2725130,0780990402,42,48.77777777777778,2.2225,"7,9",78640
2866314,0780034021,17,48.79277777777778,1.9758333333333336,12,78208
2881644,0782751112,38,48.95388888888889,2.068055555555556,"14,6",78005
2801202,0782700557,38,48.76916666666666,1.996388888888889,"24,1",78621
2736013,0782751101,23,48.74111111111111,2.0894444444444447,21,78143
2763931,0782751104,23,49.01722222222222,1.9341666666666666,"38,5",78227
2798891,0780990418,38,48.95333333333333,2.0672222222222225,"16,5",78005
2756169,0780990410,17,48.7675,2.0266666666666664,"19,5",78423
2791392,0782751106,23,48.86277777777778,1.6824999999999999,26,78505
2791392,0782700563,23,48.86277777777778,1.6824999999999999,26,78505
2791392,0780990481,23,48.86277777777778,1.6824999999999999,26,78505
2863143,0780990084,23,48.96888888888889,1.8969444444444443,30,78090
2863143,0782290609,23,48.96888888888889,1.8969444444444443,30,78090
2866133,0780990432,17,48.75888888888889,2.051111111111111,"16,3",78688
2927512,0780990455,23,48.73861111111111,1.9116666666666666,"19,9",78168
2732116,0782751069,38,48.92583333333333,2.051388888888889,"38,8",78498
2725044,0780990036,38,48.88111111111111,2.0966666666666667,"28,7",78481
2725044,0782751051,38,48.88111111111111,2.0966666666666667,"28,7",78481
2725089,0780990400,49,48.855555555555554,2.0574999999999997,7,78455
2725089,0782290224,49,48.855555555555554,2.0574999999999997,7,78455
2732873,0782751075,38,48.765277777777776,1.948888888888889,"27,6",78383
2734469,0780990336,23,48.87722222222222,1.5680555555555555,30,78618
2734469,0782290619,23,48.87722222222222,1.5680555555555555,30,78618
2736475,0782290171,38,48.933055555555555,2.151388888888889,20,78586
2736475,0782700543,38,48.933055555555555,2.151388888888889,20,78586
2745561,0782700551,23,48.96666666666667,2.174444444444444,36,78005
2745561,0780990382,23,48.96666666666667,2.174444444444444,36,78005
2838859,0780990424,38,49.00555555555555,1.9038888888888887,"14,4",78299
2907953,0782700566,38,48.94611111111111,2.169722222222222,19,78586
2907953,0780990150,38,48.94611111111111,2.169722222222222,19,78586
2909861,0780990444,38,48.99138888888889,1.8094444444444444,"14,6",78267
2909863,0780990445,38,48.78916666666667,1.6111111111111112,"15,6",78310
2909865,0780990446,38,48.98305555555556,1.6933333333333334,"18,1",78362
2909867,0780990447,38,48.97694444444445,1.7027777777777777,"16,5",78362
2834371,0780990423,38,48.99583333333334,1.7144444444444444,"19,4",78361
2851902,0780990431,23,49.01722222222222,1.958888888888889,26,78638
2851902,0782751043,23,49.01722222222222,1.958888888888889,26,78638
2703207,0782751073,26,48.97777777777778,1.8044444444444445,"26,4",78267
2737048,0780990407,26,48.65333333333333,1.8497222222222223,"25,2",78517
2710040,0782751088,38,48.81888888888889,1.9663888888888887,"17,4",78490
2737138,0782700542,17,48.94611111111111,2.1516666666666664,"20,7",78358
2865412,0780031483,17,48.8,2.1344444444444446,4,78646
2865414,0780034008,9,48.79555555555555,2.1333333333333333,0,78646
2737268,0782751095,38,48.70305555555556,2.0780555555555558,"12,1",78575
2870809,0780460001,23,48.95638888888889,1.5772222222222223,30,78082
2890501,0780460001,10,48.95611111111111,1.5772222222222223,7,78082
2722119,0782290618,23,48.80472222222222,2.0372222222222223,33,78073
2722119,0782700534,23,48.80472222222222,2.0372222222222223,33,78073
2722119,0782750160,23,48.80472222222222,2.0372222222222223,33,78073
2842459,0780990425,17,48.78,2.0352777777777775,"31,9",78423
2720444,0780990389,17,48.82972222222222,1.9936111111111112,"24,2",78674
2720446,0780990390,17,48.780833333333334,2.221111111111111,"17,9",78640
2720448,0780990391,38,48.88305555555556,2.131111111111111,"14,4",78650
2805018,0780990419,23,49.00833333333333,2.081388888888889,"31,9",78172
2728501,0782751097,26,48.98444444444444,1.743888888888889,"25,8",78335
2728513,0782751098,26,48.803888888888885,1.8927777777777777,"25,5",78321
2848803,0780990417,38,48.78472222222222,2.0574999999999997,18,78297
2848803,0782290471,38,48.78472222222222,2.0574999999999997,18,78297
2833167,0782751110,38,48.775277777777774,1.946388888888889,"24,3",78208
2937853,0780990464,17,48.82611111111112,2.115555555555556,"18,4",78158
2932996,0780990460,38,48.986666666666665,1.9261111111111109,"20,5",78440
2932998,0780990461,38,48.82472222222223,1.9719444444444445,"32,5",78165
2933000,0780990462,38,48.809999999999995,2.1419444444444444,"15,8",78646
2865806,0780034063,17,48.82694444444445,1.9575,15,78490
2865806,0780034064,17,48.82694444444445,1.9575,15,78490
2865806,0780034065,17,48.82694444444445,1.9575,15,78490
2723880,0782290520,38,48.89888888888889,2.1130555555555555,19,78650
2723880,0782751094,38,48.89888888888889,2.1130555555555555,19,78650
2781233,0780990399,32,48.79472222222222,2.0413888888888887,9,78073
2781233,0782290192,32,48.79472222222222,2.0413888888888887,9,78073
2863171,0780460002,23,48.95277777777778,1.5669444444444445,20,78107
2863173,0780467021,10,48.95277777777778,1.5672222222222223,7,78107
2899841,0780990263,26,48.78666666666666,2.149722222222222,31,78322
2899841,0782290631,26,48.78666666666666,2.149722222222222,31,78322
2899877,0782700564,17,48.78916666666667,2.0413888888888887,34,78423
2899877,0782750898,17,48.78916666666667,2.0413888888888887,34,78423
2899877,0782290656,17,48.78916666666667,2.0413888888888887,34,78423
2819363,0780990422,17,48.92833333333333,2.144722222222222,5,78418
2787955,0780990416,10,48.797777777777775,1.9108333333333332,10,78321
2787955,0782700467,10,48.797777777777775,1.9108333333333332,10,78321
2729049,0780990403,23,48.95166666666667,1.6483333333333332,30,78597
2918753,0780990449,23,48.96527777777778,1.6741666666666666,24,78354
2918753,0782750950,23,48.96527777777778,1.6741666666666666,24,78354
2724719,0780990392,42,48.83416666666667,2.086666666666667,"8,7",78043
2724725,0780990395,42,48.78805555555555,2.141111111111111,8,78117
2724737,0780990401,42,48.79861111111111,1.9302777777777775,8,78490
2844180,0780990427,17,48.92833333333333,2.1438888888888887,"17,4",78418
2725179,0780990393,49,48.845,2.0872222222222225,8,78043
2725179,0782290167,49,48.845,2.0872222222222225,8,78043
2930428,0780990457,38,48.80027777777777,2.0205555555555557,20,78073
2779024,0782290623,23,48.53611111111111,1.876111111111111,30,78003
2737347,0782700548,23,48.99138888888889,2.0652777777777778,35,78382
2737347,0780460357,23,48.99138888888889,2.0652777777777778,35,78382
2759351,0780990412,23,49.0225,1.8191666666666666,"40,2",78113
2719542,0780990388,38,48.98861111111111,1.8969444444444443,15,78440
2907581,0780990441,38,48.76916666666666,1.9647222222222223,16,78208
2902116,0782751119,26,48.996944444444445,1.7233333333333334,"26,3",78335
2759630,0782290620,23,48.635,1.781388888888889,36,78269
2752740,0782751099,38,48.94888888888889,2.1391666666666667,"19,4",78358
2947453,0782751128,10,49.036944444444444,1.5916666666666668,9,78255
2947453,0782700701,10,49.036944444444444,1.5916666666666668,9,78255
2947453,0782290683,10,49.036944444444444,1.5916666666666668,9,78255
2732579,0780990404,23,48.92111111111111,2.0030555555555556,30,78466
2906391,0780990442,17,48.878055555555555,2.089166666666667,"26,4",78372
2734929,0780990406,17,48.94277777777778,2.026388888888889,"21,7",78123
2852422,0782290627,23,48.981388888888894,1.8052777777777778,34,78267
2784087,0782751091,38,49.00055555555556,1.7025,16,78361
2939845,0780990465,23,48.96388888888889,1.5925000000000002,30,78385
2939845,0782290577,23,48.96388888888889,1.5925000000000002,30,78385
2911600,0780990375,23,48.626666666666665,2.0283333333333333,40,78087
2911600,0782290621,23,48.626666666666665,2.0283333333333333,40,78087
2903716,0782700565,23,48.80138888888889,1.75,35,78513
2903716,0782751124,23,48.80138888888889,1.75,35,78513
2903723,0782700573,23,48.96277777777778,1.9302777777777775,31,78140
2775189,0780990415,17,48.848888888888894,2.136111111111111,21,78126
2775189,0782700511,17,48.848888888888894,2.136111111111111,21,78126
2813476,0782290070,23,48.99888888888889,1.9119444444444444,54,78440
2813476,0780990420,23,48.99888888888889,1.9119444444444444,54,78440
2910506,0782290633,38,48.98027777777778,1.7052777777777777,34,78362
2955276,0780990469,23,48.98083333333334,1.7544444444444445,21,78335
2955276,0782750973,23,48.98083333333334,1.7544444444444445,21,78335
2725200,0780990198,23,48.670833333333334,1.6847222222222222,30,78077
2725200,0782700540,23,48.670833333333334,1.6847222222222222,30,78077
2725200,0782751105,23,48.670833333333334,1.6847222222222222,30,78077
2868011,0782290629,38,48.99305555555556,2.0922222222222224,"18,7",78172
2849945,0780990428,23,48.590833333333336,1.8066666666666666,30,78464
2849945,0782290566,23,48.590833333333336,1.8066666666666666,30,78464
2772477,0780990413,38,48.98083333333334,2.0027777777777778,20,78624
2772479,0780990414,17,48.80583333333333,2.1294444444444447,"36,5",78646
2737355,0780990209,23,49.058055555555555,1.53,41,78337
2737355,0782700550,23,49.058055555555555,1.53,41,78337
2737355,0782751114,23,49.058055555555555,1.53,41,78337
2901511,0782700568,38,48.82972222222222,1.9927777777777778,"23,8",78674
2843252,0780990426,4,48.68611111111111,1.6494444444444445,38,78077
2843252,0782290598,4,48.68611111111111,1.6494444444444445,38,78077
2921206,0780990451,17,48.969722222222224,2.0733333333333337,"18,7",78005
2921208,0780990452,17,48.969722222222224,2.0725000000000002,"18,7",78005
2819728,0780990307,26,48.98305555555556,1.6791666666666665,31,78118
2819728,0782290625,26,48.98305555555556,1.6791666666666665,31,78118
2850248,0780990430,38,48.88361111111111,2.0683333333333334,"16,8",78551
2904762,0780990384,23,48.97166666666667,1.788333333333333,32,78314
2904762,0782700577,23,48.97166666666667,1.788333333333333,32,78314
2912146,0780990448,26,48.81388888888888,2.0775,33,78545
2912146,0782700579,26,48.81388888888888,2.0775,33,78545
2912146,0782290636,26,48.81388888888888,2.0775,33,78545
2873647,0780220098,24,48.69777777777777,1.587777777777778,40,78606
2873647,0782290143,24,48.69777777777777,1.587777777777778,40,78606
2949075,0780990468,38,48.93444444444444,2.1630555555555553,"17,2",78586
2910973,0782700578,48,48.986666666666665,2.0469444444444442,"30,2",78015
2836734,0782290626,26,48.91916666666666,1.5941666666666667,25,78346
2859530,0782700560,23,48.79944444444444,2.043333333333333,42,78073
2918757,0780990450,38,48.941111111111105,2.193333333333333,"26,6",78586
2918757,0782700205,38,48.941111111111105,2.193333333333333,"26,6",78586
2921320,0782700580,38,49.00416666666667,2.0905555555555555,15,78172
3010875,0782700721,38,48.987500000000004,1.9230555555555555,21,78440
2959431,0781390002,17,48.78638888888889,2.0747222222222224,5,78297
3049947,0782700428,17,48.771388888888886,2.2258333333333336,"36,7",78640
3049947,0782751149,17,48.771388888888886,2.2258333333333336,"36,7",78640
3028280,0782751145,26,48.92472222222222,2.152222222222222,"25,9",78418
3050191,0782700736,38,48.763888888888886,2.0741666666666667,17,78297
3103088,0780990504,17,48.95722222222223,2.0672222222222225,18,78005
3050012,0782751148,38,49.00083333333333,1.6794444444444443,"27,1",78361
2994621,0782751141,26,48.98416666666667,1.8038888888888889,"31,5",78267
2969488,0782751134,26,49.03666666666666,1.708611111111111,25,78567
2969488,0782700741,26,49.03666666666666,1.708611111111111,25,78567
2969488,0780990510,26,49.03666666666666,1.708611111111111,25,78567
2969488,0782290676,26,49.03666666666666,1.708611111111111,25,78567
2973210,0782751135,38,48.876111111111115,2.1397222222222223,"19,1",78190
2973405,0782700712,26,48.72972222222222,2.081388888888889,30,78356
3057967,0782290664,38,48.794999999999995,2.156388888888889,27,78646
3057967,0782750211,38,48.794999999999995,2.156388888888889,27,78646
2974554,0780990476,38,48.644999999999996,1.8311111111111111,"16,9",78517
2994585,0780990482,38,48.64555555555555,1.8241666666666667,"16,7",78517
3016207,0782700722,23,48.948055555555555,2.026111111111111,24,78123
3016207,0782751010,23,48.948055555555555,2.026111111111111,24,78123
3032571,0782700726,26,48.73277777777778,2.0141666666666667,36,78561
3032571,0782751151,26,48.73277777777778,2.0141666666666667,36,78561
3032571,0780990503,26,48.73277777777778,2.0141666666666667,36,78561
3032571,0782290666,26,48.73277777777778,2.0141666666666667,36,78561
3082903,0780990499,23,48.98388888888889,2.052222222222222,20,78015
3073940,0782700740,26,48.97944444444445,1.7297222222222224,30,78362
2966515,0782751132,38,48.801944444444445,2.1475,"17,2",78646
3048302,0782700732,23,48.72222222222222,2.0716666666666668,30,78575
3048304,0782700733,26,48.98583333333333,1.8069444444444445,30,78267
2976266,0780710007,42,48.754444444444445,2.0763888888888893,3,78356
2976264,0780710006,42,48.751666666666665,2.068888888888889,3,78356
2976268,0780710008,42,48.75111111111111,2.082777777777778,3,78143
3094786,0780990490,26,48.97277777777778,1.8633333333333335,42,78238
3094786,0782751153,26,48.97277777777778,1.8633333333333335,42,78238
3018715,0782700725,38,48.77583333333333,2.0477777777777777,"18,2",78297
2970693,0782751133,23,48.79666666666667,2.0997222222222223,30,78646
3073625,0780990497,23,48.96388888888889,2.0552777777777775,24,78005
2993619,0782700719,26,48.75,2.0786111111111114,25,78356
3048072,0782290218,26,48.97527777777778,1.7752777777777777,25,78501
3006485,0782751121,38,48.92166666666667,2.200555555555556,13,78311
3003499,0780990484,26,48.843333333333334,2.015277777777778,26,78674
3003499,0782700470,26,48.843333333333334,2.015277777777778,26,78674
2992464,0780990327,26,48.88666666666666,2.0769444444444445,18,78367
3014399,0780990487,23,48.834722222222226,1.9430555555555555,"31,9",78490
3030211,0782700703,48,48.96888888888889,1.9669444444444446,30,78643
2956595,0782700706,23,48.759166666666665,1.9572222222222222,24,78644
3004738,0782290653,38,48.80305555555555,2.1341666666666668,"24,7",78646
2962938,0780990472,17,48.98722222222222,1.9130555555555555,"20,7",78440
2959572,0782751127,17,48.928888888888885,2.145277777777778,12,78418
3016854,0782751142,48,49.015,1.7166666666666668,"19,3",78239
3043118,0780990491,38,48.77444444444444,2.049722222222222,"19,3",78297
3043211,0782700731,38,48.9925,1.7316666666666667,"18,9",78335
3036075,0782290655,23,48.67444444444444,1.898611111111111,24,78030
3036075,0782700742,23,48.67444444444444,1.898611111111111,24,78030
3036075,0780990509,23,48.67444444444444,1.898611111111111,24,78030
3036075,0782751159,23,48.67444444444444,1.898611111111111,24,78030
3104661,0782751154,23,48.98888888888889,1.7533333333333334,"15,5",78335
2975034,0782751137,48,49.01111111111111,1.6955555555555555,"19,2",78239
2958777,0780990471,23,48.98527777777778,1.6708333333333332,"31,8",78118
3043741,0782700738,23,48.46666666666667,1.8247222222222221,36,78472
3043741,0782751146,23,48.46666666666667,1.8247222222222221,36,78472
3070473,0782290497,26,48.95277777777778,2.0708333333333337,24,78005
3076095,0782751152,38,48.89694444444444,2.0811111111111114,24,78551
2998681,0782290651,17,48.986111111111114,1.9347222222222222,"12,2",78440
3055922,0780990494,23,48.981388888888894,2.0788888888888892,30,78005
2957319,0780990470,26,48.95583333333334,1.863611111111111,32,78238
2957319,0782290366,26,48.95583333333334,1.863611111111111,32,78238
2962120,0782290642,38,48.801111111111105,2.022777777777778,14,78073
2993073,0782700714,26,48.79083333333333,1.9672222222222224,18,78208
3011463,0780990485,26,48.985,1.8069444444444445,"31,5",78267
3017607,0780990488,38,48.89416666666666,2.089166666666667,"16,4",78551
3034937,0780466058,42,48.7725,1.9958333333333333,10,78621
3034953,0780466059,42,48.77833333333333,2.0175,10,78621
3017727,0782700724,26,48.768055555555556,1.978888888888889,"29,9",78621
2989536,0780990289,17,48.88138888888889,2.1077777777777778,14,78502
2989536,0782751138,17,48.88138888888889,2.1077777777777778,14,78502
3099175,0780990501,38,48.93666666666666,2.1566666666666667,16,78586
3099177,0780990502,38,48.79972222222222,2.1419444444444444,"20,5",78646
2964062,0782751130,48,48.805277777777775,2.0619444444444444,"31,4",78545
2956928,0782700705,23,48.79694444444444,1.9625,35,78490
2956928,0782750026,23,48.79694444444444,1.9625,35,78490
2998957,0782700720,26,48.75,2.071388888888889,25,78356
2976250,0780710002,39,48.790277777777774,1.9627777777777777,5,78208
2976252,0780710003,42,48.78805555555555,1.963611111111111,3,78208
2976254,0780710004,39,48.786944444444444,1.9705555555555556,5,78208
2976260,0780710005,17,48.78805555555555,2.033333333333333,6,78423
3032847,0782700727,23,48.965,2.057222222222222,24,78005
3032847,0782751047,23,48.965,2.057222222222222,24,78005
3034935,0780466057,42,48.75944444444445,1.9583333333333333,22,78644
2996682,0780990473,26,48.766666666666666,1.9972222222222222,30,78621
3058468,0780990495,26,48.566944444444445,1.9877777777777779,"12,6",78349
2989667,0782700713,38,48.83027777777778,1.938611111111111,"16,2",78490
2994445,0782290649,23,48.79611111111111,2.102777777777778,30,78646
2994445,0782750304,23,48.79611111111111,2.102777777777778,30,78646
3047710,0782700734,23,48.99805555555556,1.821388888888889,30,78267
2993318,0782290474,26,48.886944444444445,2.0772222222222223,"14,4",78367
2993319,0782700246,17,48.88666666666666,2.0772222222222223,14,78367
2975719,0782700562,48,48.87222222222222,2.105,25,78502
2975719,0782751136,48,48.87222222222222,2.105,25,78502
3078233,0780990498,26,48.760555555555555,2.063055555555555,20,78688
3055461,0780990493,38,48.82611111111112,1.9616666666666667,"14,8",78490
3115363,0780990505,38,48.93833333333333,2.0591666666666666,"33,7",78498
3116161,0780990506,23,48.99916666666667,2.011111111111111,"42,5",78624
3116161,0782751107,23,48.99916666666667,2.011111111111111,"42,5",78624
3108944,0782650155,23,48.89666666666667,1.6805555555555554,"47,3",78591
3109099,0782650151,23,48.89666666666667,1.6805555555555554,"47,3",78591
3109099,0782650153,23,48.89666666666667,1.6805555555555554,"47,3",78591
3109099,0782650152,23,48.89666666666667,1.6805555555555554,"47,3",78591
3122294,0780990507,17,48.85388888888889,2.136388888888889,"14,5",78126
3117733,0782751156,17,49.00361111111111,2.108888888888889,20,78172
3118134,0782751157,26,48.80166666666666,2.007222222222222,24,78073
3129965,0782751160,26,48.80444444444444,1.8530555555555557,30,78443
3122827,0780990064,38,48.99944444444444,1.7430555555555556,"17,4",78335
3122827,0782700176,38,48.99944444444444,1.7430555555555556,"17,4",78335
3126848,0782751158,26,48.99277777777778,2.100277777777778,30,78172
3135631,0782751162,38,48.92972222222222,2.194444444444444,19,78311
3228798,0780990349,23,48.994166666666665,1.9558333333333333,30,78642
3228798,0782290677,23,48.994166666666665,1.9558333333333333,30,78642
3171540,0782290670,26,48.96388888888889,2.0413888888888887,"32,8",78015
3171540,0782700558,26,48.96388888888889,2.0413888888888887,"32,8",78015
3264441,0782290680,38,48.77833333333333,1.9913888888888889,"44,6",78621
3264441,0782700068,38,48.77833333333333,1.9913888888888889,"44,6",78621
3184663,0780990514,26,48.790277777777774,2.1352777777777776,25,78646
3184663,0782290052,26,48.790277777777774,2.1352777777777776,25,78646
3171566,0780990511,23,49.047777777777775,1.481388888888889,"30,7",78068
3131225,0782290668,26,48.83527777777778,1.9430555555555555,36,78490
3131225,0782750785,26,48.83527777777778,1.9430555555555555,36,78490
3189387,0780990516,23,48.945277777777775,1.7283333333333335,"24,6",78291
3189389,0780990517,38,48.87222222222222,2.0961111111111115,14,78372
3191002,0782751155,26,48.902499999999996,2.176388888888889,24,78124
3205089,0780990518,38,48.86805555555556,2.093055555555556,14,78372
3189165,0782751165,38,48.78361111111111,2.043611111111111,"36,2",78423
3285608,0782700472,26,48.76638888888889,2.026388888888889,26,78423
3217042,0782751170,38,48.82611111111112,2.131666666666667,18,78158
3302156,0780034093,38,48.85027777777778,2.1441666666666666,20,78126
3302158,0780034153,17,48.92833333333333,2.0391666666666666,11,78498
3302160,0780034154,17,48.92805555555555,2.0391666666666666,13,78498
3302162,0780034157,17,48.78527777777778,2.2150000000000003,12,78640
3302166,0780034233,17,48.97833333333333,2.0302777777777776,12,78138
3302168,0780034236,17,48.78444444444444,2.0947222222222224,6,78646
3302170,0780034238,39,48.98833333333334,1.7633333333333334,3,78501
3302172,0780034239,17,48.98777777777778,1.763611111111111,12,78501
3295364,0780990525,48,48.858333333333334,2.109166666666667,35,78350
3295364,0782751108,48,48.858333333333334,2.109166666666667,35,78350
3229054,0782290678,38,48.8875,2.0983333333333336,"34,8",78481
3135651,0782751161,23,48.94638888888888,1.988611111111111,36,78672
3185868,0780990515,38,48.901111111111106,2.155,18,78146
3229229,0782290679,38,49.00333333333333,1.69,"54,8",78361
3229229,0782751032,38,49.00333333333333,1.69,"54,8",78361
3199064,0782751168,38,48.984722222222224,1.6969444444444444,"14,9",78362
3261371,0780990521,17,48.82333333333334,1.9922222222222223,"14,4",78165
3132246,0782290669,23,49.01027777777778,1.972777777777778,30,78638
3132246,0782751064,23,49.01027777777778,1.972777777777778,30,78638
3195466,0782751166,17,48.69333333333333,2.0625,"26,1",78575
3195592,0782751167,26,48.943888888888885,1.6833333333333333,25,78647
3289909,0780990523,38,48.8675,2.133888888888889,"17,2",78092
3289911,0780990524,23,48.743611111111115,2.044722222222222,"29,4",78356
3290196,0780034070,23,48.9225,2.0025,25,78466
3248106,0782751169,38,48.99305555555556,1.903611111111111,"17,3",78440
3297756,0782290685,38,48.779444444444444,1.9780555555555557,16,78621
3244660,0780990520,17,48.82055555555556,1.9883333333333333,"19,9",78165
3302923,0780034232,17,48.975,2.03,9,78138
3313041,0780034264,17,48.52861111111111,1.826111111111111,"16,5",78506
3313041,0780034265,17,48.52861111111111,1.826111111111111,"16,5",78506
3301565,0782751175,48,48.64944444444444,1.8691666666666666,30,78517
3301565,0782700750,48,48.64944444444444,1.8691666666666666,30,78517
3320051,0782751177,38,48.93555555555555,2.196944444444444,16,78311
3297710,0782290684,17,48.79694444444444,2.064722222222222,15,78545
3304536,0782751174,38,48.80027777777777,2.02,"18,2",78073
3290633,0782290682,23,48.816111111111105,1.8808333333333334,24,78683
3352185,0782700057,17,48.92444444444444,2.0483333333333333,"44,7",78498
3272065,0780990522,17,48.76722222222222,2.0394444444444444,"22,4",78423
3297515,0780034016,17,48.82666666666667,1.961111111111111,24,78490
3297517,0780034017,17,48.82666666666667,1.9608333333333332,24,78490
3297519,0780034024,17,48.93944444444444,2.1219444444444444,15,78396
3297521,0780034060,38,48.95333333333333,2.0166666666666666,15,78624
3297523,0780034088,17,48.948611111111106,2.179722222222222,20,78586
3297525,0780034090,17,48.940555555555555,2.157222222222222,10,78586
3302407,0780034278,17,48.788888888888884,2.0441666666666665,23,78423
3302407,0780034277,17,48.788888888888884,2.0441666666666665,23,78423
3343532,0782290688,23,48.80833333333333,2.0105555555555554,36,78073
3331008,0780990508,38,48.901666666666664,2.0413888888888887,"14,9",78133
3331008,0782290687,38,48.901666666666664,2.0413888888888887,"14,9",78133
3314613,0780990291,17,48.88944444444444,2.1552777777777776,"16,9",78146
3314613,0782751164,17,48.88944444444444,2.1552777777777776,"16,9",78146
3335382,0782700752,23,48.61055555555556,1.7361111111111112,30,78557
3238865,0782751171,26,49.00194444444445,1.6761111111111109,"31,6",78361
3299540,0780990528,10,48.905833333333334,2.056388888888889,7,78551
3299542,0780990529,10,48.909166666666664,2.0763888888888893,9,78551
3236801,0780990519,38,48.973333333333336,2.0277777777777777,"21,5",78138
3301568,0780990532,17,48.999722222222225,1.6844444444444444,"55,4",78361
3301568,0782700747,17,48.999722222222225,1.6844444444444444,"55,4",78361
3299544,0780990530,10,48.909444444444446,2.079166666666667,9,78551
3299546,0780990531,10,48.91638888888889,2.1147222222222224,9,78396
3236473,0782700749,26,48.993611111111115,2.1,30,78172
3308224,0780034259,17,48.788888888888884,2.055833333333333,18,78297
3308226,0780034261,11,48.73888888888889,2.0988888888888892,3,78143
3308232,0780034281,17,48.75416666666667,2.0758333333333336,12,78356
3308234,0780034284,17,48.805,2.1216666666666666,"23,5",78646
3320239,0782751176,23,48.81166666666666,1.86,"24,5",78443
3356623,0780990405,23,48.993611111111115,1.9258333333333333,"26,5",78440
3356623,0782750929,23,48.993611111111115,1.9258333333333333,"26,5",78440
3313206,0780034287,39,48.77861111111111,2.1963888888888885,3,78640
3313210,0780034291,17,48.94083333333333,2.0594444444444444,3,78498
3313212,0780034294,42,48.78777777777778,2.0441666666666665,7,78423
3313216,0780034302,17,49.01,2.1208333333333336,10,78172
3313218,0780034306,17,48.77833333333333,2.0069444444444446,3,78621
3313220,0780034308,39,48.72972222222222,1.698888888888889,3,78171
3313222,0780034309,17,48.72916666666667,1.6977777777777778,6,78171
3313224,0780034310,17,48.728611111111114,1.6980555555555557,6,78171
3313226,0780034311,42,48.73027777777778,1.701111111111111,4,78171
3313228,0780034312,42,48.724722222222226,1.6958333333333333,4,78171
3313230,0780034316,17,48.97916666666667,2.0741666666666667,3,78005
3313232,0780034319,17,48.769999999999996,2.0375,10,78423
3313234,0780034320,17,48.99,1.6669444444444443,8,78118
3313236,0780034323,17,48.78472222222222,1.9736111111111112,40,78621
3313240,0780034325,17,48.9825,1.8591666666666669,10,78238
3313452,0780034288,38,48.778888888888886,2.1966666666666663,"9,5",78640
3313452,0780034297,38,48.778888888888886,2.1966666666666663,"9,5",78640
3298382,0780990527,23,49.01416666666667,1.6894444444444445,30,78239
3290346,0780034119,19,48.80138888888889,2.13,45,78646
3320711,0780034326,17,48.99666666666667,1.6774999999999998,15,78361
3316709,0780990538,38,48.90138888888889,2.0700000000000003,"17,4",78551
3329178,0782751178,38,48.82055555555556,1.988611111111111,"18,6",78165
3314628,0780990537,17,48.98527777777778,1.746388888888889,"19,3",78335
3343123,0782750997,26,49.005833333333335,1.9261111111111109,"37,4",78401
3343958,0782700516,23,48.983333333333334,1.678611111111111,31,78118
3343958,0782750690,23,48.983333333333334,1.678611111111111,31,78118
