SUP_ID,STA_NM_ANFR,NB_STATIONS_ANFR,NAT_ID,NAT_LB_NOM,latitude,longitude,SUP_NM_HAUT,ADR_LB_LIEU,ADR_LB_ADD1,ADR_NM_CP,COM_CD_INSEE
1022697,0780220035,1,23,Pylône autostable,48.95611111111111,2.093888888888889,31,Le Grand Cormier,gare de triage d'Achères,78100,78551
1023512,0780990029,1,38,Immeuble,48.76027777777778,1.9205555555555553,35,,2 Rond Point Laurent Schwartz,78310,78383
1024258,0780990031,1,17,Bâtiment,48.924166666666665,2.1863888888888887,"27,3",,PLACE MICHELET,78800,78311
1027560,0782290464,1,48,pylône arbre,48.808055555555555,2.035833333333333,15,,43 Rue Rene Dorme,78330,78242
1035243,0780990014,2,17,Bâtiment,48.99916666666667,1.6830555555555553,"53,9",,r Maryse Bastie 2,78200,78361
1043170,0780220080,6,23,Pylône autostable,49.011944444444445,2.0019444444444443,45,L'Hautil,chem du Ménucourt,78740,78638
1044291,0780220078,4,23,Pylône autostable,48.794444444444444,1.6572222222222222,33,Maublé,Entre N12 et D912 (av de Paris),78950,78263
1045572,0782290296,1,38,Immeuble,48.927499999999995,2.193333333333333,23,,13 r de Stalingrad,78800,78311
1048997,0780990032,2,26,Pylône tubulaire,48.839444444444446,2.065833333333333,25,,Avenue des Moulineaux,78590,78455
1051685,0782750214,1,26,Pylône tubulaire,48.9,2.0052777777777777,11,Cote de Gres,A13,78240,78007
1051695,0782750345,1,10,Tunnel,48.80555555555555,2.0508333333333333,"8,5",Tunnel de Fontenay,Tunnel de St Cyr,78210,78545
1051697,0782750345,1,10,Tunnel,48.805,2.0508333333333333,"8,5",Tunnel de Fontenay,Tunnel de St Cyr,78210,78545
1052082,0780990038,1,17,Bâtiment,48.89333333333333,2.064722222222222,"28,6",,2 rue ludwig van Beethoven,78100,78551
1083418,0782290479,1,23,Pylône autostable,48.70416666666667,2.088888888888889,15,,Rue de Vaugien,78470,78575
1122334,0782290358,1,31,Silo,48.47916666666667,1.8530555555555557,25,les jumelles,Silo,78660,78478
1132315,0782290481,1,26,Pylône tubulaire,48.924166666666665,1.9638888888888888,"12,9",,826 Rue de la Gare,78630,78466
1185573,0782750728,1,38,Immeuble,48.89555555555555,2.1055555555555556,"25,6",,19 R DE PARIS,78230,78481
1186237,0780220081,2,26,Pylône tubulaire,48.584722222222226,2.022777777777778,14,Les Prés Hauts,Croisement ligne TGV et route entre La Bate et Ban,78730,78349
1186242,0780220082,2,23,Pylône autostable,48.566944444444445,1.9877777777777779,12,La Garenne,Croisement D149 et ligne TGV,78730,78349
1187319,0782290484,1,38,Immeuble,48.98166666666667,1.6966666666666668,"21,5",,1/3/5/7 RUE DES BROUETS,78711,78362
1192823,0782750729,1,17,Bâtiment,48.79111111111111,2.043333333333333,"30,3",,1 AV SAN FERNANDO,78180,78423
1203847,0782700426,1,17,Bâtiment,48.77194444444444,2.2225,"19,7",,Route de Gisy,78140,78640
120388,0782750379,2,26,Pylône tubulaire,48.794999999999995,2.0466666666666664,30,,AV AMPERE,78180,78423
1206669,0780990046,1,26,Pylône tubulaire,48.76611111111111,1.9972222222222222,"30,3",,3 Avenue Albert Einstein,78190,78621
1215369,0782700430,1,17,Bâtiment,48.940555555555555,2.040277777777778,"19,9",,212 Bd Pelletier,78955,78123
1246046,0780600032,1,10,Tunnel,48.91611111111111,2.0225,1,CHEMIN CREUX DE LA MALADRERIE,TRANCHÉE COUVERTE RD30,78300,78498
1246048,0780600033,1,10,Tunnel,48.918055555555554,2.013333333333333,1,ROUTE DE QUARANTE SOUS,TRANCHÉE COUVERTE DES MIGNEAUX,78300,78498
1246785,0782290426,1,20,Monument religieux,48.814166666666665,2.141111111111111,18,,7 Av de Villeneuve L'Etang,78000,78646
1246842,0780600029,1,10,Tunnel,48.91166666666666,2.1824999999999997,1,TRANCHÉE COUVERTE MAURICE BERT,Rue Marcel Ayme,78420,78124
1246846,0780600028,1,23,Pylône autostable,48.91444444444444,2.1147222222222224,6,Les prés de Palfour,Route du Pecq,78600,78396
1254607,0780600030,1,10,Tunnel,48.91111111111111,2.085277777777778,8,Route des mares,,78100,78551
1254609,0780600031,1,12,Mât métallique,48.911944444444444,2.0455555555555556,8,Porte de chambourcy,A 14,78240,78133
1277884,0780031174,1,17,Bâtiment,48.939722222222215,2.046111111111111,25,,45 RUE JEAN PIERRE TIMBAUD,78300,78498
1285217,0782700432,1,17,Bâtiment,48.93416666666666,2.045,"22,5",,2 à 10 boulevard de l'Europe,78300,78498
1289601,0780031179,1,17,Bâtiment,48.92361111111111,2.185833333333333,20,,8 ALLEE TOUSSAINT,78800,78311
1291835,0782700434,1,17,Bâtiment,48.94,2.048888888888889,18,,45 rue Jean Pierre Timbaud,78300,78498
1292209,0782750696,1,38,Immeuble,48.774166666666666,2.0502777777777776,21,,57 boulevard Beethoven,78280,78297
1305991,0782290487,2,38,Immeuble,48.79944444444444,2.1244444444444444,19,,"1,rue du Maréchal Joffre",78000,78646
1306136,0782290488,1,26,Pylône tubulaire,48.75861111111111,2.0458333333333334,17,,Avenue du Grand pré,78960,78688
1318903,0780990048,2,26,Pylône tubulaire,48.8775,2.1233333333333335,30,,ALL DE GIVERNY,78290,78190
1319715,0782750731,1,26,Pylône tubulaire,48.794999999999995,2.0352777777777775,"28,3",,1 R JEAN PIERRE TIMBAUD,78180,78423
1326848,0780460322,2,26,Pylône tubulaire,48.78527777777778,2.153888888888889,30,,Echangeur du Pont Colbert / Bretelle de sortie N10,78350,78322
1327865,0782700435,1,48,pylône arbre,48.88333333333333,2.0588888888888888,25,,36 rue de Saint nom,78112,78551
1329252,0780990053,5,23,Pylône autostable,48.98916666666667,1.9697222222222224,35,,GARE DE TRIAGE DES CLAIRIERES,78480,78642
1329263,0780990054,2,38,Immeuble,48.808611111111105,2.124722222222222,23,,19 rue des Reservoirs,78000,78646
1331756,0782750735,1,23,Pylône autostable,49.01,1.8872222222222221,34,,V COM. N° 2  DITE DE OINVILLE,78250,78299
1331933,0780031193,1,17,Bâtiment,48.87694444444445,2.1061111111111113,1,,29 BIS RTE DE VERSAILLES,78560,78502
1332471,0780031194,1,17,Bâtiment,48.75833333333333,2.0508333333333333,10,,3 R HELENE BOUCHER,78960,78688
1332894,0780460363,1,23,Pylône autostable,48.722500000000004,1.8911111111111112,12,,Avenue de la Gare (à côté de la gare SNCF),78690,78220
1336569,0780460320,1,23,Pylône autostable,48.82333333333334,1.993888888888889,20,,Allée de la Gare,78340,78165
1345754,0780031196,1,42,Mât,48.987500000000004,1.7680555555555555,11,,ANCIE CHEMIN DE ROUEN A PARIS,78440,78501
1346027,0780460366,1,23,Pylône autostable,48.78138888888889,2.029166666666667,15,,Avenue du Général Leclerc / Bretelle d'accès RN10,78180,78423
1347092,0780031202,1,17,Bâtiment,48.799166666666665,2.1638888888888888,11,,AVENUE DE VERSAILLES,78220,78686
1348901,0780460310,1,23,Pylône autostable,48.7925,2.115555555555556,12,,Avenue Clément Ader,78000,78646
1352134,0780460308,1,23,Pylône autostable,48.79527777777778,2.0574999999999997,25,,69 Boulevard Henri Barbusse,78210,78545
1353312,0782750738,1,17,Bâtiment,48.92722222222222,2.144722222222222,8,,280 AV  GABRIEL PERI - CARREFOUR,78360,78418
1362982,0782750742,1,17,Bâtiment,48.96388888888889,2.0302777777777776,"8,2",,ZAC CETTONS 2,78570,78138
1370988,0780990059,2,38,Immeuble,48.97694444444445,1.6947222222222222,"13,9",,rue des Martinets,78200,78354
1373837,0780031205,1,17,Bâtiment,48.96,1.855,10,,10 RUE GASTON JOUILLERAT,78410,78029
1377797,0782290490,1,38,Immeuble,48.79805555555556,2.125,23,,17 rue Saint Honoré,78000,78646
1378021,0780460367,1,26,Pylône tubulaire,48.77333333333333,2.1483333333333334,25,,Croisement Route des 40 Perches et Rue Charles de Gaulle,78350,78322
1378673,0782290491,1,26,Pylône tubulaire,48.933611111111105,2.1780555555555554,25,,122 Rue de Chanzy,78800,78311
1381467,0780990027,3,38,Immeuble,48.78444444444444,2.2183333333333333,"36,2",,16 AV MORANE SAULNIER,78140,78640
1382543,0780460318,1,23,Pylône autostable,48.815555555555555,1.8775,20,,La Chateleine,78640,78683
1385677,0782700331,2,17,Bâtiment,48.8525,2.0380555555555553,"20,5",La Tuilerie Bignon,r henri frayssineau,78860,78571
1388179,0780460314,1,23,Pylône autostable,48.79611111111111,1.6072222222222223,20,,Chemin Houdan Perdraux,78550,78381
1388420,0782290492,1,26,Pylône tubulaire,48.99472222222222,2.0805555555555557,"28,7",,Station BP les hautes Coutures RN184,78700,78172
1388718,0780990061,1,38,Immeuble,48.794999999999995,2.121111111111111,"21,4",,20 rue du marechal Joffre,78000,78646
1398005,0780460364,1,23,Pylône autostable,48.75888888888889,2.192222222222222,12,Vauboyen,Chemin des Charbonniers,78350,78322
1398007,0780460323,1,23,Pylône autostable,48.764722222222225,2.1641666666666666,12,,Avenue Jean Jaurès,78350,78322
1398009,0780460321,1,17,Bâtiment,48.80722222222222,2.040833333333333,"10,2",,GARE SNCF,78330,78242
1402050,0780460346,1,23,Pylône autostable,48.961111111111116,2.1080555555555556,"25,4",,Route forestière des Pavillons,78100,78551
1404494,0780460302,1,23,Pylône autostable,48.528888888888886,1.9130555555555555,"25,3",La Mare Claire,,78660,78564
1404583,0780460315,1,23,Pylône autostable,48.823055555555555,1.6524999999999999,25,La Vallée des Pièges,,78910,78605
1404732,0780460344,1,23,Pylône autostable,48.9525,2.0830555555555557,"25,4",,CITE DU GRAND CORMIER,78100,78551
1404953,0780460326,1,23,Pylône autostable,48.98222222222223,1.6588888888888889,"20,6",,Route de Mantes,78200,78118
1407576,0780031224,1,17,Bâtiment,48.84111111111111,1.8727777777777779,10,VALLEE DE l'ÂNE,RUE DE FLEUBERT,78650,78062
1407578,0780031225,1,17,Bâtiment,48.83888888888889,1.8494444444444447,2,,CHEM DE CRESSAY,78650,78062
1417609,0780460324,1,23,Pylône autostable,48.880833333333335,1.8752777777777778,25,,Pont de Falaise,78124,78368
1418898,0782700439,1,17,Bâtiment,48.80972222222222,2.133611111111111,"20,6",,"49, Rue du Maréchal Foch",78000,78646
1422902,0780031247,1,17,Bâtiment,48.91111111111111,2.1730555555555555,10,,20 R DES CAILLES,78420,78124
1424707,0780460356,1,23,Pylône autostable,49.007777777777775,2.086388888888889,"20,4",,Chemin Latéral des Belles Hates,78700,78172
1424786,0780230005,4,4,Château d'eau - réservoir,49.05972222222222,1.763611111111111,60,,"61, Grande Rue",78440,78202
1424813,0780230001,1,17,Bâtiment,48.83083333333334,2.118333333333333,12,LE GRAND CHESNAY,22 RUE MOXOURIS,78150,78158
1425100,0780460303,1,23,Pylône autostable,48.48888888888889,1.8866666666666667,"25,3",,La Voix Creuse,78660,78071
1425246,0780460307,1,23,Pylône autostable,48.769444444444446,1.9877777777777779,"32,8",LE RUISSEAU,GARE SNCF,78190,78621
1426638,0782700440,2,19,Monument historique,48.80277777777778,2.1194444444444445,15,Aile du Midi,Rue de l'Indépendance Américaine,78000,78646
1435703,0780990067,2,23,Pylône autostable,48.83166666666667,2.0011111111111113,20,,Av Général de Gaulle/R du Collège,78450,78674
1435887,0780467301,1,10,Tunnel,48.79861111111111,2.1352777777777776,"6,3",,rue de Noailles,78000,78646
1439154,0780990069,1,48,pylône arbre,48.94555555555555,2.1841666666666666,"25,1",,2 rue Leon Jouhaux,78500,78586
1439344,0782750759,1,17,Bâtiment,48.782222222222224,2.0605555555555553,"15,8",,4 R DE LA REDOUTE,78280,78297
1441779,0780031253,1,17,Bâtiment,48.734722222222224,1.8722222222222222,15,,14 RUE DE CHATILLON,78690,78576
1442177,0782290496,1,17,Bâtiment,48.92777777777778,2.1925,"23,4",,13 RUE DE STALINGRAD,78800,78311
1443559,0780990070,3,23,Pylône autostable,48.946666666666665,1.8005555555555557,25,,CHEM RURAL N 54 MARE AUX CHEVAUX,78680,78217
1445160,0780460309,1,23,Pylône autostable,48.79527777777778,2.0925000000000002,30,,Rue Lucien Sergent,78000,78646
1446027,0780460335,1,23,Pylône autostable,48.98972222222222,1.7005555555555556,"25,3",,31 RUE JEAN JAOUEN,78200,78361
1447480,0780990072,2,38,Immeuble,48.89861111111111,2.092777777777778,"26,7",,8 Rue des Bucherons,78100,78551
1447927,0780990073,1,38,Immeuble,48.899166666666666,2.1594444444444445,"20,5",,Allee des Marolles,78400,78146
1450429,0780990074,1,48,pylône arbre,48.865,1.7844444444444443,30,,16 RUE DES BRUYERES,78770,78681
1453966,0782750749,1,17,Bâtiment,48.759166666666665,2.1919444444444443,"8,7",,chemin des Charbonniers,78350,78322
1454946,0780990079,2,23,Pylône autostable,48.97916666666667,1.7805555555555554,30,,Chem de Guitrancourt,78440,78501
1457112,0780990075,3,26,Pylône tubulaire,49.050555555555555,1.6555555555555554,30,,163 Grande Rue,78270,78437
1461819,0780460799,1,23,Pylône autostable,48.54805555555556,1.9258333333333333,52,Sous Ponthévrard,Chemin Rural de Sainte Mesme,78730,78569
1461849,0780460368,1,23,Pylône autostable,48.58444444444444,2.0233333333333334,10,Les Près Hauts,,78730,78349
1461851,0780460301,1,26,Pylône tubulaire,48.566944444444445,1.9877777777777779,12,La Garenne,RD149,78730,78349
1461853,0780460337,1,23,Pylône autostable,48.93472222222222,1.8433333333333335,25,,CHEMIN DES MILLE-SOUPES ,78410,78451
1461855,0780460343,1,23,Pylône autostable,48.93333333333333,2.163333333333333,"20,4",,Rue de l'Ilot,78500,78586
1465161,0780460371,1,23,Pylône autostable,48.83638888888889,1.8830555555555555,12,,Le Bel Air,78640,78550
1465959,0780990082,2,23,Pylône autostable,48.76138888888889,2.1358333333333333,32,,53 R DU TROU SALE,78350,78343
1466261,0780460328,1,23,Pylône autostable,48.96361111111111,1.8138888888888889,20,,ZA de la Couronne des Prés,78680,78217
1466263,0780460353,1,23,Pylône autostable,48.96416666666667,1.7608333333333333,20,,Route Nationale 13,78930,78291
1466265,0780460341,1,23,Pylône autostable,49.03333333333333,1.5569444444444445,25,,Rue de l'Eau,78270,78320
1466267,0780460332,1,23,Pylône autostable,48.865,2.051111111111111,35,,Route de Saint Nom,78620,78224
1466269,0780460334,1,48,pylône arbre,48.86888888888889,2.1122222222222224,20,,Route de Saint Germain,78340,78350
1466271,0780460340,1,23,Pylône autostable,48.941111111111105,2.0580555555555553,20,,AVENUE DE PONTOISE,78300,78498
1466273,0780460342,1,23,Pylône autostable,48.99527777777778,1.646388888888889,25,,CHEMIN DES MARCEAUX,78710,78531
1466277,0780460349,1,23,Pylône autostable,48.92861111111111,2.0141666666666667,25,,CHEMIN DU BORD DE L'EAU,78670,78672
1467318,0780990085,1,26,Pylône tubulaire,48.80027777777777,1.9519444444444445,"25,1",,135 rue des Pechers,78370,78490
1468648,0780990083,5,26,Pylône tubulaire,48.953611111111115,1.5705555555555555,"35,2",la borne d'argent,,78200,78082
1468720,0780990086,5,23,Pylône autostable,48.843611111111116,1.8302777777777777,"32,4",LA GRANDE MARE,CHEMIN DU BRAS DE FER,78770,78034
1468847,0780031292,1,17,Bâtiment,48.75666666666667,1.9280555555555554,18,,1 AVENUE GUTENBERG,78310,78168
1470809,0780990087,1,26,Pylône tubulaire,48.80222222222222,1.9808333333333334,25,,55 RUE PIERRE CURIE,78370,78490
1471811,0782750765,1,38,Immeuble,48.785,2.0652777777777778,12,PARC D'ACTIVITE DES SANGLIERS,1 AV EUGÈNE FREYSSINET,78280,78297
1472346,0782700441,1,10,Tunnel,48.91222222222222,2.1033333333333335,"6,1",Tunnel A14 de St-Germain,Autoroute A 14 sous station M,78100,78551
1473972,0780460365,1,48,pylône arbre,48.990833333333335,1.9927777777777778,20,,Chemin des carrières Binet,78510,78624
1474146,0780460361,4,23,Pylône autostable,48.99805555555556,1.8791666666666667,"35,1",,Rue du Château,78250,78403
1474247,0780990088,2,17,Bâtiment,48.99333333333333,1.9133333333333333,"39,9",,26  AVENUE PAUL RAOULT,78130,78440
1477726,0780460358,1,23,Pylône autostable,48.97,2.0305555555555554,20,,Sentier latéral SUD,78570,78138
1477732,0780460360,1,23,Pylône autostable,49.00611111111111,1.9152777777777776,15,,Rue de la COTE LECUYER,78250,78401
1477752,0780460316,1,23,Pylône autostable,48.822500000000005,1.718888888888889,20,,La Petite Garenne Sud,78910,78053
1478598,0780460359,1,23,Pylône autostable,49.004444444444445,1.9716666666666667,15,LE TEMPLE,Boulevard d'ANGIBOUT,78740,78638
1478909,0780990089,2,23,Pylône autostable,48.96277777777778,1.9302777777777775,30,La Cote,Chemin rural 56 de la Liberté,78130,78140
1478970,0782750768,1,48,pylône arbre,48.99444444444445,1.8141666666666667,15,CIMETIERE RUE DES GROUX,R DES GROUX,78440,78267
1479214,0780220083,2,23,Pylône autostable,48.46888888888889,1.835277777777778,37,Les Carrières,La Fosse Blanche,78660,78472
1485888,0780220085,1,17,Bâtiment,48.99055555555556,1.845277777777778,12,,Allée du Buisson Billault,78820,78327
1486585,0780031342,1,17,Bâtiment,48.900555555555556,2.0700000000000003,12,,5 R PASTEUR,78100,78551
1487759,0780990091,3,38,Immeuble,48.85666666666667,1.9024999999999999,"19,3",,4 R Nouvelle,78650,78062
1490887,0782700443,4,23,Pylône autostable,48.88138888888889,1.971388888888889,"35,4",LES GRAVIERS,CHEMIN DE LA CAVEE,78810,78233
1494071,0780030598,3,17,Bâtiment,48.784166666666664,2.156388888888889,"18,5",,RUE CHARLES DE GAULLE,78350,78322
1495495,0780460369,1,23,Pylône autostable,49.06111111111111,1.524722222222222,20,,CHEMIN DES ECLUSES,78270,78320
1495497,0780460325,1,23,Pylône autostable,49.036944444444444,1.5916666666666668,20,,RUE DES VOIES VACHES,78840,78255
1499177,0780990095,1,31,Silo,48.89694444444444,1.736388888888889,46,LE NOYER À VERT,RD 65,78790,78300
1499461,0782750772,1,17,Bâtiment,48.79972222222222,1.9472222222222222,14,,AV DE STE APPOLINE,78370,78490
1500331,0780460333,1,23,Pylône autostable,48.98277777777778,1.7580555555555555,"20,4",LES POMMIERS RONDS,Avenue du Val,78440,78501
1500369,0780460370,1,32,"Ouvrage d'art (pont, viaduc)",48.82666666666667,1.702222222222222,"9,1",LE MOUTIER,Rue du Clos aux Biches,78910,78465
1502994,0780031354,2,38,Immeuble,48.63,1.8308333333333333,30,,CENTRE DE SECOURS,78120,78517
1505379,0782750774,1,26,Pylône tubulaire,48.78388888888889,2.073055555555556,"31,8",Les Sangliers,CHALLENGER,78280,78297
1505770,0782290498,2,26,Pylône tubulaire,48.802499999999995,1.972777777777778,30,,34B R PIERRE CURIE,78370,78490
1509884,0780031353,3,38,Immeuble,48.93694444444444,2.1347222222222224,15,,5 AV DE LA REPUBLIQUE,78600,78396
1509971,0782750776,1,17,Bâtiment,48.98777777777778,1.9252777777777776,"23,6",,ALLEE DES FOUGERES,78130,78440
1510587,0780460352,1,23,Pylône autostable,48.97527777777778,2.077777777777778,"25,4",,Chemin des Basses Plaines,78260,78005
1511575,0780468302,1,23,Pylône autostable,48.64333333333333,1.8316666666666666,"20,5",,Place Ferdinand Prud'homme,78120,78517
1512648,0780990066,1,26,Pylône tubulaire,49.03638888888889,1.6033333333333335,"31,8",,1 rue des Bouderies,78840,78255
1512924,0780990098,1,26,Pylône tubulaire,48.82972222222222,1.9552777777777777,"26,9",,rue des Freres lumiere,78370,78490
1512926,0780990099,1,26,Pylône tubulaire,48.99333333333333,1.6277777777777778,"26,5",,Rue Jean Jaures,78710,78531
1514287,0780030952,1,38,Immeuble,48.70277777777778,2.071111111111111,7,,2 RUE DITTE,78470,78575
1514735,0780460311,1,17,Bâtiment,48.79611111111111,2.145,"19,2",,Rue JEAN MERMOZ,78000,78646
1515648,0780460313,1,17,Bâtiment,48.80083333333333,2.1802777777777775,"13,5",,64 Avenue GASTON BOISSIER,78220,78686
1515652,0780460329,1,12,Mât métallique,48.86805555555556,2.0766666666666667,22,,CHEMIN DES MERRONERIES,78620,78224
1515654,0780460331,1,23,Pylône autostable,48.98694444444445,1.8955555555555554,20,,Chemin de la Nouvelle FRANCE,78130,78440
1515656,0780460350,1,26,Pylône tubulaire,48.967777777777776,1.9941666666666666,20,,VOIE NOUVELLE,78540,78643
1515660,0780460348,1,17,Bâtiment,48.80972222222222,2.135,"8,8",,"40, Rue du Maréchal FOCH",78000,78646
1517417,0780031389,1,23,Pylône autostable,48.983333333333334,2.1391666666666667,30,,FERME DE FROMANVILLE,78100,78551
1517419,0780031390,1,23,Pylône autostable,48.978611111111114,2.1644444444444444,30,,FERME DE FROMANVILLE,78260,78005
1518228,0780990100,1,38,Immeuble,48.793055555555554,2.035833333333333,"21,1",,3 rue Jean Pierre Timbaud,78180,78423
1519079,0780990103,2,38,Immeuble,48.75,2.065833333333333,"13,5",,2 rue JEAN MERMOZ,78114,78356
1523078,0782290510,1,17,Bâtiment,48.769999999999996,2.0438888888888886,"17,3",,9 Rue Alfred de Vigny,78180,78423
1525172,0782290511,2,20,Monument religieux,48.83361111111111,2.0122222222222224,34,,RUE DE L'EGLISE,78450,78674
1525427,0782750779,1,38,Immeuble,48.99944444444444,1.7422222222222223,"14,4",,ALL DESCARTES,78520,78335
1529803,0780460362,1,48,pylône arbre,48.98916666666667,1.8347222222222224,25,,CHEMIN LATERAL DU PONT LOMBOIS,78820,78327
1534791,0780990105,2,38,Immeuble,48.77916666666667,2.215277777777778,29,,22 av de l'Europe,78140,78640
1536777,0780990106,3,26,Pylône tubulaire,48.91972222222222,1.5955555555555556,26,LE CLOS DE L'EGLISE,STADE DE FOOTBALL LE CLOS DE L'EGLISE,78980,78346
1537543,0780461335,1,12,Mât métallique,48.86472222222223,2.1144444444444446,"25,1",,Rue des Voisins,78430,78350
1537545,0780461375,1,12,Mât métallique,48.80583333333333,2.1780555555555554,10,,RUE DU MARAIS,78220,78686
1537551,0780462375,1,12,Mât métallique,48.805277777777775,2.1566666666666667,22,,7 Rue Saint-Symphorien,78000,78646
1537882,0780461374,1,17,Bâtiment,48.861111111111114,2.1233333333333335,10,,GARE DE  LOUVECIENNES,78430,78350
1538941,0780461329,1,12,Mât métallique,48.87277777777778,2.0872222222222225,22,,Rue du CHANT DES OISEAUX,78160,78372
1540712,0780990108,2,38,Immeuble,48.99861111111111,2.0780555555555558,24,,4 Avenue Vincent Van Gogh,78700,78172
1541572,0782290515,3,38,Immeuble,48.80694444444444,2.147222222222222,24,,14 Boulevard de la republique,78000,78646
1541724,0780990109,1,38,Immeuble,48.971944444444446,2.0344444444444445,32,,39 Place du Béguinage,78570,78138
1543369,0782750781,1,38,Immeuble,48.82194444444445,1.9725000000000001,"15,4",,7 PL NELSON MANDELA,78340,78165
1544308,0782700445,1,10,Tunnel,48.91027777777778,2.0844444444444448,"9,6",Tunnel A14 de St-Germain,PK 6630,78100,78551
1544310,0782700446,1,10,Tunnel,48.905833333333334,2.0616666666666665,"6,1",,Tunnel A14 sous station R,78100,78551
1545010,0780990111,1,17,Bâtiment,48.93416666666666,2.041111111111111,21,,Rue du Bac ,78300,78498
1545487,0780990110,1,48,pylône arbre,48.999722222222225,2.117777777777778,32,,Allee du Point du Jour,78700,78172
1546040,0782290516,1,38,Immeuble,48.99194444444444,1.7416666666666667,"16,5",,15 Rue de la Chasse,78520,78335
1547276,0782750782,1,38,Immeuble,48.99916666666667,2.1102777777777777,"21,5",,40 R DE LA CHASSE,78700,78172
1548628,0780031352,3,38,Immeuble,48.796388888888885,2.14,15,,31 rue Edme Fremy,78000,78646
1550064,0780230023,2,4,Château d'eau - réservoir,48.59583333333334,1.9044444444444444,50,Bois des Buttes Rondes,PNR-PR6 PR7,78120,78164
1560997,0782290517,1,48,pylône arbre,48.80416666666667,1.7925,25,Les Buttes Notre-Dame,Rte de la Butte aux Dames,78490,78262
1565878,0780220087,2,23,Pylône autostable,48.84,1.7147222222222223,28,Les Maillères,Chemin rural n° 11,78910,78465
1567734,0782700449,1,9,Intérieur sous-terrain,48.89888888888889,2.0947222222222224,0,GARE RER,rue de la Surintendance,78100,78551
1573277,0782700451,1,12,Mât métallique,48.797777777777775,1.9711111111111113,12,,1 BOULEVARD JEAN MOULIN,78990,78208
1575372,0780990112,1,26,Pylône tubulaire,48.818333333333335,1.9552777777777777,34,,Av Francois Mitterrand,78370,78490
157595,0780030421,1,999999999,Support non décrit,48.75666666666667,2.064722222222222,12,,1 R PABLO PICASSO,78114,78356
1579612,0782290519,3,17,Bâtiment,48.780277777777776,2.2075,"28,6",,11 PLACE DE L'EUROPE,78140,78640
1582837,0780031404,1,38,Immeuble,48.7625,1.9458333333333333,49,,1 ALLEE D AUXOIS,78276,78383
1585359,0780460375,1,26,Pylône tubulaire,48.80555555555555,2.163333333333333,12,,Avenue de la Pépinière,78220,78686
1589727,0780990116,2,26,Pylône tubulaire,48.95027777777778,1.8669444444444445,37,,LA MARE AUX CHATS,78410,78029
1594400,0780990120,2,26,Pylône tubulaire,48.82972222222222,1.9777777777777779,36,,6 r des Entrepreneurs,78340,78165
1596766,0780467313,1,12,Mât métallique,48.86666666666667,2.1125000000000003,10,CHE des Rougemonts,Tunnel de LOUVECIENNES,78430,78350
1600423,0782290521,3,23,Pylône autostable,48.94499999999999,1.7280555555555557,25,Le Murguet des Marguerites,CR N°21,78930,78291
1600931,0780467308,3,32,"Ouvrage d'art (pont, viaduc)",49.01444444444444,1.6105555555555557,"8,5",LES PISSOTTES,1 Route Nationale,78270,78528
1600933,0780467309,2,10,Tunnel,49.01888888888889,1.6072222222222223,"6,6",,Chemin de la Ruelle,78270,78528
1600935,0780467310,2,10,Tunnel,49.02361111111111,1.6027777777777779,"6,6",LE BOIS DE GALICET,,78270,78528
1601403,0782290522,2,20,Monument religieux,48.94888888888889,2.1455555555555557,50,,13 Rue de la Muette,78600,78358
1601535,0780467311,2,10,Tunnel,49.02722222222222,1.5997222222222223,"6,6",LE GALICET,,78840,78255
1601537,0780467312,3,10,Tunnel,49.031666666666666,1.5983333333333334,"6,6",LE GALICET,,78840,78255
1602053,0780467307,1,32,"Ouvrage d'art (pont, viaduc)",49.006388888888885,1.9075,"12,1",,6 Ruelles des 124 degrés,78250,78401
1605554,0782290523,1,26,Pylône tubulaire,49.00222222222222,1.7411111111111113,25,,40 Boulevard Aristide Briand,78520,78335
1607990,0780031417,1,39,Local technique,49.00555555555555,1.7933333333333332,6,,Carrière Les Croix Blanches,78440,78296
1607992,0780031418,1,17,Bâtiment,48.78527777777778,1.9944444444444445,6,,BASE DE LOISIRS DE ST QUENTIN,78190,78621
1609860,0780031425,1,23,Pylône autostable,48.856944444444444,1.8422222222222224,45,La Couperie,Rte de Marcq,78650,78062
1616424,0780461326,1,32,"Ouvrage d'art (pont, viaduc)",48.98416666666667,1.6275,"8,4",,Les beurons chatons,78200,78484
1621686,0780467305,1,32,"Ouvrage d'art (pont, viaduc)",48.83888888888889,2.144722222222222,"10,5",,chemin du Butard (en emprise ferroviaire),78170,78126
1621688,0780467306,1,32,"Ouvrage d'art (pont, viaduc)",48.84111111111111,2.1405555555555553,8,,2 allée de la Forêt ,78170,78126
1622346,0780990124,1,26,Pylône tubulaire,48.92055555555555,2.0241666666666664,"31,1",,Stade Beauregard 76 Avenue Blanche de Castille,78300,78498
1623307,0780990140,1,38,Immeuble,48.76416666666667,2.0641666666666665,"20,6",,2 RUE HENRI DUNANT,78280,78297
1624219,0780990141,2,17,Bâtiment,48.907777777777774,2.158333333333333,"33,8",,136 Avenue Paul Doumer,78360,78418
1626161,0780467314,1,12,Mât métallique,48.86083333333333,2.1286111111111112,2,,CHEMIN DE L'ARIEL,78430,78350
1636055,0780990142,1,23,Pylône autostable,48.52111111111111,1.8277777777777777,43,,13 rue de la Fontaine Chaude,78660,78003
1647057,0782750789,1,17,Bâtiment,48.833333333333336,1.7222222222222223,"16,1",,1 R DU NID DE GEA,78910,78053
1657045,0780031438,1,17,Bâtiment,48.736666666666665,1.9152777777777776,6,,R DES OSIERS,78310,78168
1662012,0782290525,1,38,Immeuble,48.93138888888889,2.0391666666666666,20,,2 avenue Maurice Berteaux,78300,78498
1667537,0782290527,1,17,Bâtiment,48.78916666666667,2.055833333333333,26,"83, boulevard des Chênes",,78280,78297
1672761,0780990149,1,26,Pylône tubulaire,48.623333333333335,1.823611111111111,36,,2 rue de Cutesson,78125,78269
1676036,0782700462,2,23,Pylône autostable,48.524166666666666,1.8277777777777777,47,,CHEMIN DES VIGNES,78660,78003
1676304,0782750152,2,38,Immeuble,48.63361111111111,1.8286111111111112,"25,5",,1 avenue DU MARECHAL JUIN,78120,78517
1676378,0780990071,2,23,Pylône autostable,48.79055555555556,2.0613888888888887,42,,"POSTE RTE DES SAULES, RTE DE ST CYR",78280,78297
1687463,0780990148,1,26,Pylône tubulaire,48.933055555555555,1.9705555555555556,"34,1",Les terres fortes,"Angle des Quarante Sous, Route de Vernouillet",78630,78466
1689548,0780990145,1,38,Immeuble,48.94638888888888,2.068055555555556,"18,7",,19 bis rue Charles Jeanneret,78300,78498
1694177,0780990017,2,38,Immeuble,48.784166666666664,2.1841666666666666,"31,6",,11-15 av du général de gaulle,78140,78640
1695233,0780031444,1,17,Bâtiment,48.943888888888885,2.0341666666666667,15,,1 PL ST BLAISE,78955,78123
1700991,0780466060,1,23,Pylône autostable,48.99194444444444,2.0758333333333336,17,CONFLANS-FIN-D'OISE,RUE D'ANDRESY,78700,78172
1700996,0780466061,1,23,Pylône autostable,48.97027777777778,2.0275,22,,gare de Chanteloup,78570,78138
1701008,0780466062,1,23,Pylône autostable,49.00611111111111,1.9144444444444444,24,THUN-LE-PARADIS,RUE DE LA COTE LECUYER,78250,78401
1701010,0780466063,1,23,Pylône autostable,48.98305555555556,1.8086111111111112,22,,PLACE DE L'EUROPE,78440,78267
1701347,0780466066,1,23,Pylône autostable,48.9575,2.1244444444444444,30,ACHERES,POSTE D'AIGUILLAGE,78100,78551
1701360,0780466067,1,23,Pylône autostable,48.93444444444444,2.0441666666666665,22,,BOULEVARD DE L'EUROPE,78300,78498
1701552,0780466068,1,23,Pylône autostable,48.80555555555555,2.168611111111111,7,,PLACE DE LA BATAILLE STALINGRAD,78220,78686
1701573,0780466069,1,23,Pylône autostable,48.806666666666665,2.151111111111111,7,,gare de Montreuil,78000,78646
1702571,0780466071,1,23,Pylône autostable,48.86472222222223,2.1147222222222224,25,,AVENUE SAINT-MARTIN,78430,78350
1702586,0780466072,1,17,Bâtiment,48.87138888888889,2.0969444444444445,9,,RUE SADI CARNOT,78160,78372
1702609,0780466073,1,23,Pylône autostable,48.86694444444444,2.051388888888889,20,,ROUTE DES MUSES,78620,78224
1702734,0780466076,1,23,Pylône autostable,48.90277777777778,2.0733333333333337,15,,Place Christine Frahier,78100,78551
1703660,0780460374,1,23,Pylône autostable,48.85472222222222,2.1322222222222225,18,,PL DU MARECHAL LECLERC,78170,78126
1705078,0780466064,1,23,Pylône autostable,48.987500000000004,1.7066666666666666,32,,RUE JEAN JAOUEN,78711,78362
1707528,0780990155,3,23,Pylône autostable,49.04222222222222,1.8155555555555556,"32,5",,LES BUISSONS AUX PRETRES,78440,78329
170960,0780030405,1,999999999,Support non décrit,49.06166666666666,1.5508333333333333,12,,11 R DE LA MAIRIE,78270,78337
1711647,0782290530,1,38,Immeuble,48.794999999999995,2.1475,"19,6",,1 RUE MOLIERE,78000,78646
1712637,0782700465,4,23,Pylône autostable,48.952222222222225,2.0324999999999998,"42,4",,CHEMIN DES TREPASSES,78955,78123
1712826,0782290531,1,4,Château d'eau - réservoir,49.045833333333334,1.5238888888888888,"28,6",,9 RTE DU CHENE MONSIEUR,78270,78320
1713222,0780031448,1,9,Intérieur sous-terrain,48.805277777777775,2.1327777777777777,0,,33 AV DE SAINT CLOUD,78000,78646
1716845,0780990156,1,38,Immeuble,48.801944444444445,2.0725000000000002,"19,8",,34 bis rue du Docteur Vaillant,78210,78545
1719117,0780990158,1,26,Pylône tubulaire,48.805,1.8163888888888888,31,,7 rue de la Chasière,78490,78389
1719554,0780990159,1,38,Immeuble,48.64555555555555,1.8375000000000001,"19,5",,20 rue Auguste Moutié,78120,78517
1724044,0782700244,2,26,Pylône tubulaire,48.72083333333334,1.9272222222222222,22,,Route d'Yvette,78320,78334
1724231,0780990161,1,26,Pylône tubulaire,48.936388888888885,1.836388888888889,"42,4",,36 Route de la falaise,78126,78033
1726458,0780990162,2,38,Immeuble,48.65277777777778,1.8208333333333333,"24,9",,12 rue des Marais ,78120,78517
1734821,0780990163,1,26,Pylône tubulaire,49.005833333333335,1.8877777777777778,35,Le clos Malines,Chemin des Gloriettes,78250,78299
1736078,0782700113,2,23,Pylône autostable,48.47972222222222,1.8522222222222222,40,Le Petit Orme,zi  chem rural 9,78660,78071
1736442,0780990164,1,26,Pylône tubulaire,48.81916666666667,1.9024999999999999,"26,5",Le Boutron,Allée du jeu de paume,78640,78442
1736898,0780466077,1,10,Tunnel,48.800555555555555,2.173611111111111,13,,RUE AMEDEE DAILLY,78220,78686
1736967,0780466095,1,23,Pylône autostable,48.79527777777778,2.0994444444444444,"22,4",,RUE LUCIEN SERGENT,78000,78646
1737039,0780466078,1,23,Pylône autostable,48.79861111111111,2.0719444444444446,"6,4",,1 RUE FRANCISCO FERRER,78210,78545
1737066,0780466080,1,23,Pylône autostable,48.83222222222223,1.943888888888889,"16,4",,329 RUE SEVESTRE,78370,78490
1737077,0780466081,1,23,Pylône autostable,48.827222222222225,1.8800000000000001,"15,4",,RUE DU VIEUX MOULIN,78640,78683
1737221,0780990165,1,38,Immeuble,48.776666666666664,2.001388888888889,"25,9",,"2 Avenue Carnot, 78190 Trappes",78190,78621
1742531,0780990166,2,38,Immeuble,48.930277777777775,2.1630555555555553,"17,1",,14-20 avenue de Tobrouk,78500,78586
1745314,0782700466,2,23,Pylône autostable,48.61611111111111,1.9227777777777777,"32,3",,Centre Technique National du Football,78120,78164
1745874,0780466082,1,23,Pylône autostable,48.764722222222225,2.1630555555555553,"21,4",,AV JEAN JAURES,78350,78322
1746470,0780466083,1,23,Pylône autostable,48.7725,2.1475,"7,4",,RUE CHARLES DE GAULLE,78350,78322
1746474,0780466084,1,23,Pylône autostable,48.78722222222222,2.1516666666666664,"10,4",,RUE PONT COLBERT,78000,78646
1746478,0780466086,1,23,Pylône autostable,48.81333333333333,1.7469444444444444,"22,4",,RUE DU MOULINET,78890,78265
1747512,0780466088,1,23,Pylône autostable,48.797777777777775,1.6202777777777777,"22,4",,LES VIGNES,78550,78381
1747615,0780460317,1,23,Pylône autostable,48.805,1.7994444444444444,"22,4",Le Haut des Garennes,RTE DE BOISSY-SANS AVOIR,78490,78262
1747998,0780466089,1,23,Pylône autostable,48.78777777777778,2.0458333333333334,"8,4",,AVENUE DES PRES,78180,78423
1748008,0780466090,1,23,Pylône autostable,48.76444444444444,1.9711111111111113,"20,4",,ROUTE DE CHARTRES,78990,78208
1748027,0780466091,1,23,Pylône autostable,48.72527777777778,1.8944444444444444,"10,4",,AVENUE CHARLES DE GAULLE,78690,78220
1748106,0780466092,1,23,Pylône autostable,48.689722222222215,1.8552777777777778,"10,4",,CHEMIN DE LA ROUGERIE,78610,78486
1748158,0780466093,1,23,Pylône autostable,48.64611111111111,1.836388888888889,"22,4",,RUE AUGUSTE MOUTIE,78120,78517
1748207,0780466094,1,23,Pylône autostable,48.62583333333333,1.7688888888888887,"10,4",,CHEMIN DE LA GAUDE,78125,78269
1748486,0780031455,1,38,Immeuble,48.995555555555555,1.685,75,,2 RUE ARCHIMEDE,78200,78361
1755202,0780990169,1,23,Pylône autostable,48.480000000000004,1.8591666666666669,"32,5",,ZI DE PARAY LES JUMELLES,78660,78478
1760692,0780990173,1,17,Bâtiment,48.79888888888889,2.127222222222222,"19,2",,31 R du Gal Leclerc,78000,78646
1761154,0782750797,3,26,Pylône tubulaire,48.81027777777778,2.0541666666666667,"41,9",,1 Avenue Albert Schweitzer,78330,78242
1764000,0780031413,1,17,Bâtiment,48.925555555555555,2.1863888888888887,15,,80 RUE HOCHE,78800,78311
1773555,0782290533,1,9,Intérieur sous-terrain,48.89833333333333,2.0947222222222224,0,RER St Germain en Laye,rue de la Surintendance,78100,78551
1776442,0782700468,2,38,Immeuble,48.96666666666667,2.066111111111111,"24,7",,32 RUE DU 8 MAI 1945,78260,78005
1778359,0780990180,1,26,Pylône tubulaire,48.96055555555556,2.1494444444444443,"28,5",,Stade Desaix,78600,78358
1780245,0780990179,2,26,Pylône tubulaire,48.833333333333336,1.928611111111111,32,Le Pont Gaillou,chem de thiverval,78850,78615
1783926,0782290534,1,23,Pylône autostable,48.61611111111111,1.9213888888888888,29,,Centre National du FOOTBALL,78120,78164
1784866,0782700012,2,20,Monument religieux,48.72416666666667,1.9580555555555554,24,,ÉGLISE DE GIROUARD,78320,78334
1786127,0782290535,2,17,Bâtiment,48.94,2.0463888888888886,"43,7",,45 Rue Jean Pierre Timbaud,78300,78498
1791298,0782700469,1,17,Bâtiment,48.79277777777778,1.972777777777778,"16,1",,2  RUE DE COPENHAGUE,78990,78208
1798466,0780990181,1,26,Pylône tubulaire,49.02583333333333,1.7597222222222222,"23,5",,Rue de Meulan,78440,78246
1806656,0780230009,1,17,Bâtiment,48.79083333333333,2.0602777777777774,7,,route de St Cyr,78280,78297
1809428,0780990183,2,26,Pylône tubulaire,48.80138888888889,1.75,"34,9",,RUE DES CHENES,78940,78513
1809443,0782290371,1,23,Pylône autostable,48.894999999999996,2.1261111111111113,17,,101 B BD CARNOT,78110,78650
1810046,0780990186,1,17,Bâtiment,48.78,2.2047222222222222,"24,7",,2 Allée Robert Schumann,78140,78640
1813857,0780990187,1,26,Pylône tubulaire,48.933611111111105,2.176388888888889,"24,1",,RUE DU PASSAGE DE LA MULE,78500,78586
1817161,0780031468,1,17,Bâtiment,48.80638888888888,2.031111111111111,6,,5 R ALEXANDRE TURPAULT,78390,78073
1817163,0780031469,1,17,Bâtiment,48.80638888888888,2.0305555555555554,8,,5 R ALEXANDRE TURPAULT,78390,78073
1818823,0782290536,1,20,Monument religieux,48.82166666666667,2.1419444444444444,"19,4",,29 Boulevard Glatigny,78000,78646
1819372,0780990189,1,26,Pylône tubulaire,48.79861111111111,1.597777777777778,36,SAINT MATHIEU,20 RUE SAINT MATHIEU,78550,78310
1821408,0780466079,1,23,Pylône autostable,48.82361111111111,1.9936111111111112,17,,Allée de la Gare,78340,78165
1821489,0780466087,1,17,Bâtiment,48.82666666666667,1.7030555555555555,9,,RUE DE LA GARE,78910,78465
1823875,0782290538,2,23,Pylône autostable,48.78138888888889,2.11,"59,6",,1 Rue de l'Etang du désert,78000,78646
1825036,0780990190,3,38,Immeuble,48.772777777777776,2.0797222222222222,"25,5",Pont du Routoir ,8 ALLEE DE VERSAILLES,78280,78297
1825647,0780220090,2,23,Pylône autostable,48.750277777777775,1.7225000000000001,"32,5",,Route Du Grand Choisel,78490,78264
1826897,0780300054,2,26,Pylône tubulaire,48.790277777777774,2.107222222222222,23,,Route de Dampierre D91,78000,78646
1831335,0780990191,2,38,Immeuble,48.825,2.143611111111111,"18,4",,72 - 74 av du Maréchal Haig,78000,78646
1848159,0780031475,1,31,Silo,48.5,1.8052777777777778,20,,CHEMIN D ABLIS,78660,78506
1852526,0780990196,1,38,Immeuble,48.765,1.9483333333333333,"28,4",,9 rue de Brie,78310,78383
1853742,0780031476,1,17,Bâtiment,48.80166666666666,1.983888888888889,18,,61 RUE PIERRE CURIE,78370,78490
1856901,0782700211,1,23,Pylône autostable,48.788888888888884,2.0594444444444444,19,,ROUTE DE ST CYR,78280,78297
1856916,0782700210,1,23,Pylône autostable,48.7625,1.9672222222222224,32,La Grande Villedieu,RD58 / bretelle N10,78990,78208
1858910,0780031477,1,17,Bâtiment,48.92833333333333,2.0391666666666666,10,,17 RUE DE L ABBAYE,78300,78498
1862622,0782290113,1,26,Pylône tubulaire,48.995555555555555,1.860277777777778,21,,20 RUE DE LA COTE DE APREMONT,78820,78327
1865663,0782700233,2,23,Pylône autostable,48.92305555555555,1.8475000000000001,32,,CHEMIN VERT,78126,78033
1865714,0782700225,1,26,Pylône tubulaire,48.775,1.961111111111111,25,,ROUTE DU MESNIL - D58,78990,78208
1866260,0782290485,1,38,Immeuble,48.77333333333333,2.082777777777778,"21,4",,47 R de Dampierre,78280,78297
1866773,0780990201,1,23,Pylône autostable,48.62833333333333,1.7855555555555553,"27,5",LA NOUE PLATE,ROUTE DU BRAY,78125,78269
1879727,0782700474,1,17,Bâtiment,48.93333333333333,2.176944444444444,12,,134 RUE DE CHANZY,78800,78311
1879848,0782700175,1,23,Pylône autostable,48.995555555555555,1.8572222222222223,20,,chem des clos renards,78820,78327
1889347,0782290539,3,38,Immeuble,48.78666666666666,2.044722222222222,"40,8",,1 Place Charles de Gaulle,78180,78423
1891810,0780990205,1,48,pylône arbre,48.933055555555555,1.9925000000000002,"21,6",Les grands groux,Route d'Orgeval,78670,78672
1894290,0780466097,1,17,Bâtiment,48.64416666666666,1.8311111111111111,4,GARE SNCF,1 PLACE FERNAND PRUD'HOMME,78120,78517
1894294,0780466098,1,17,Bâtiment,48.794444444444444,2.1380555555555554,"10,5",PRSI DE VERSAILLES CHANTIER,4 PLACE RAYMOND POINCARE,78000,78646
1901284,0780990207,1,26,Pylône tubulaire,48.83638888888889,2.0836111111111113,"13,5",,18 Route de Saint-Cyr,78870,78043
1901675,0780990208,1,26,Pylône tubulaire,48.5775,1.735,"36,5",LE BOIS DES PLANTS,CHEMIN RURAL 1,78125,78209
1903036,0780990210,1,23,Pylône autostable,48.72222222222222,2.0719444444444446,"30,5",LA CROIX AUX BUIS,CHEMIN RURAL N°12 DIT DE GOMBERVILLE,78114,78356
1903038,0780990211,1,38,Immeuble,48.927499999999995,2.0508333333333333,"36,1",CITE DU CLOS D ARCY,32 RUE MADELEINE CHARTIER,78300,78498
1903337,0780466099,1,17,Bâtiment,48.97027777777778,2.075,17,GARE ACHERES VILLE,AVENUE JEAN MOULIN,78260,78005
1903428,0780466100,1,17,Bâtiment,48.99722222222222,2.0975,12,GARE CONFLANS ST HONORINE,2 AVENUE EUGENE BERRURIER,78700,78172
1903438,0780466101,1,17,Bâtiment,48.9925,1.9130555555555555,6,Gare Les Mureaux,Place du 8 mai 1945,78130,78440
1903463,0780466102,1,17,Bâtiment,48.99,1.7030555555555555,12,GARE MANTES LA JOLIE,PLACE DU 8 MAI 1945,78200,78361
1903468,0780466103,1,17,Bâtiment,49.005833333333335,1.902222222222222,12,GARE MEULAN HARDICOURT,AVENUE DE LA GARE,78250,78299
1903471,0780466106,1,17,Bâtiment,48.933055555555555,2.041111111111111,8,GARE POISSY,14 PLACE GEORGE POMPIDOU,78300,78498
1903478,0780466104,1,17,Bâtiment,48.93388888888889,2.1622222222222223,12,GARE DE SARTROUVILLE,RUE DE L'ILOT,78500,78586
1903812,0780466096,1,17,Bâtiment,48.831388888888895,1.9430555555555555,6,GARE SNCF PLAISIR GRIGNON,119 AVENUE DU 19 MARS 1962,78370,78490
1905234,0780990212,1,17,Bâtiment,48.786944444444444,2.0452777777777778,39,,1 PLACE CHARLE DE GAULLE,78180,78423
1907325,0782700217,1,38,Immeuble,48.776666666666664,2.0008333333333335,"24,6",,20/22 RUE JEAN JAURES,78190,78621
1907552,0782700103,1,38,Immeuble,48.900277777777774,2.1602777777777775,30,,58 BLD JEAN JAURES,78400,78146
1907997,0782750842,1,38,Immeuble,48.98833333333334,1.702222222222222,28,,29 R JEAN JAOUEN,78711,78362
1913564,0782700150,1,26,Pylône tubulaire,48.90694444444444,2.117777777777778,22,,48 av Gabriel Péri,78360,78418
1916343,0780990213,3,26,Pylône tubulaire,48.85888888888889,1.9708333333333334,"27,1",LES BOISSEAUX,RUE DE DAVRON,78810,78233
1919820,0780990151,2,23,Pylône autostable,48.81361111111111,1.8752777777777778,30,La butte du pont,Route de Septeuil,78640,78683
1920920,0782750845,1,23,Pylône autostable,48.96555555555556,1.7169444444444446,"17,6",TERRAIN MULTISPORT,ROUTE D'HARGEVILLE,78711,78362
1922300,0780990215,1,23,Pylône autostable,48.90833333333333,1.7791666666666666,"31,5",LE NOYER GALANT,ROUTE D'HARGEVILLE,78580,78325
1922302,0780990216,1,26,Pylône tubulaire,48.75888888888889,2.0455555555555556,"19,5",,AVENUE DU GRAND PRÉ,78960,78688
1928743,0780990217,1,23,Pylône autostable,48.995,1.9894444444444446,26,LES PETITS HAUMONTS,SENTIER DES PETITS HAUMONTS,78510,78624
1929536,0780466105,1,17,Bâtiment,48.794444444444444,2.1347222222222224,15,VERSAILLES CHANTIERS,6 RUE DE LA PORTE DE BUC,78000,78646
1930677,0780990218,1,26,Pylône tubulaire,48.725,1.8972222222222221,"25,5",ZONE ACTIVITES DE L'ACQUEDUC,8-10 RUE GEORGES POMPIDOU,78690,78220
1934979,0780990219,1,38,Immeuble,49.00194444444445,2.104166666666667,"19,8",,72 Avenue FOCH,78700,78172
1936365,0782700487,2,26,Pylône tubulaire,48.83638888888889,2.083888888888889,15,,18 route DE SAINT CYR,78870,78043
1936369,0782700488,2,17,Bâtiment,48.85055555555556,2.056111111111111,"19,1",,1 rue JEAN LA BRUYÈRE,78590,78455
1936392,0782700475,2,26,Pylône tubulaire,49.026666666666664,1.7602777777777778,22,,V COMMUNALE N°3,78440,78246
1936476,0782700480,2,48,pylône arbre,48.86638888888889,1.786111111111111,33,,39 R DE LA PORTE ST MARTIN,78770,78616
1937280,0782750645,1,26,Pylône tubulaire,48.97027777777778,1.8622222222222222,"32,6",,Les Chevris,78410,78238
1942426,0780180027,1,17,Bâtiment,48.79333333333333,2.118611111111111,13,,2 BIS AVENUE CLEMENT ADER,78000,78646
1942430,0780180029,1,17,Bâtiment,48.77972222222222,2.172222222222222,20,,1 RUE ETIENNE DE JOUY,78350,78322
1942432,0780180030,1,17,Bâtiment,48.83972222222222,2.11,10,,CHEMIN DU TROU D ENFER,78150,78158
1942434,0780180031,1,17,Bâtiment,48.92444444444444,2.0027777777777778,8,,CHEMIN DE FAUVEAU,78630,78466
1942436,0780180032,1,17,Bâtiment,48.780277777777776,2.0175,8,,3 RUE BASILE LEVRAUD,78190,78621
1942438,0780180033,1,17,Bâtiment,48.790277777777774,1.6297222222222223,15,,25 ROUTE DE GAMBAIS,78550,78381
1942440,0780180034,1,17,Bâtiment,48.7975,1.9283333333333332,6,,2534 AVENUE D ARMORIQUE,78370,78490
1942643,0782700491,2,26,Pylône tubulaire,48.788888888888884,1.6044444444444446,22,,IMP DU STADE,78550,78310
1942987,0780180035,1,17,Bâtiment,48.52722222222222,1.8316666666666666,5,,RN 10 PR 48,78660,78003
1944610,0780031492,1,17,Bâtiment,48.80138888888889,2.1394444444444445,15,,Pas de l'Abbé Picard,78000,78646
1944892,0780990223,2,17,Bâtiment,48.7725,2.0588888888888888,"25,5",,19 rte de Troux,78280,78297
1948465,0782700498,2,26,Pylône tubulaire,48.92361111111111,1.6930555555555555,15,,2 che DE GUERVILLE,78930,78677
1954203,0780990225,1,17,Bâtiment,48.94583333333333,2.151944444444444,"18,6",,20 rue de Paris,78600,78358
1954205,0780990226,1,26,Pylône tubulaire,48.99916666666667,1.6911111111111112,"24,5",,Rue Marcel Fouque,78200,78361
1954971,0780990228,1,38,Immeuble,48.844166666666666,2.1375,30,,18 AVENUE PIERRE CORNEILLE,78170,78126
1954973,0780990229,1,38,Immeuble,48.784166666666664,2.0419444444444443,"34,6",,15 PLACE GEORGES POMPIDOU,78180,78423
1960544,0780990230,1,23,Pylône autostable,48.731944444444444,2.0377777777777775,30,LA CULOTTE,ROUTE DE MILON,78114,78356
1965210,0782750869,1,23,Pylône autostable,48.76111111111111,2.062777777777778,20,,6 Rue RENE CAUDRON,78960,78688
1966355,0780990232,2,4,Château d'eau - réservoir,48.86,2.1463888888888887,24,,SEN DE BOURNIVAL,78170,78126
1970820,0780031495,1,17,Bâtiment,48.755833333333335,1.9261111111111109,4,,1 AVE GUTENBERG,78310,78168
1979040,0780990234,3,38,Immeuble,48.76555555555556,2.0763888888888893,"20,1",Le Poteau,2-4 r andrea palladio,78280,78297
1990531,0780990235,1,38,Immeuble,48.717777777777776,2.101388888888889,18,,2 SQUARE DE LA CURE,78114,78356
1993333,0782750873,1,26,Pylône tubulaire,48.740833333333335,1.9213888888888888,"26,1",,27 RUE DES OSIERS,78310,78168
1994395,0780990238,1,23,Pylône autostable,48.91,2.0283333333333333,"26,5",,5 RUE DU MUR DU PARC -CHEMIN DES DOUNIERS,78240,78133
2001210,0782290543,1,38,Immeuble,48.774166666666666,2.0733333333333337,"26,5",11 Allée du Commerce,,78280,78297
2005716,0782290532,2,38,Immeuble,48.77611111111111,2.0008333333333335,24,,22 RUE JEAN JAURES,78190,78621
2022747,0780990243,3,26,Pylône tubulaire,48.78444444444444,2.096388888888889,33,,15bis ALL DES MARRONNIERS,78000,78646
2024079,0780031506,1,38,Immeuble,48.79972222222222,2.160833333333333,25,,191 AVE DU GENERAL LECLERC,78220,78686
2025679,0782750890,1,23,Pylône autostable,48.98916666666667,1.7575,17,,19 R FERNAND FOREST,78520,78335
2025999,0782750893,1,17,Bâtiment,48.987500000000004,1.908611111111111,"20,3",RESIDENCE LEO LAGRANGE,7 R LEO LAGRANGE,78130,78440
2028699,0780990244,2,17,Bâtiment,48.90555555555555,2.0475,13,,8 r du clos de la famille,78240,78133
2039656,0780990245,1,26,Pylône tubulaire,48.749722222222225,1.9655555555555555,"31,5",,PARC DE SPORTS GUY LEFEBURE 2 RUE DES MOISONNEURS,78320,78397
2043003,0780990242,2,38,Immeuble,48.873333333333335,2.0855555555555556,17,,2 r des poteries,78160,78372
2052080,0782700124,3,17,Bâtiment,48.88722222222222,2.0983333333333336,"35,5",,13 allée de Normandie,78230,78481
2052161,0782750895,1,38,Immeuble,48.78194444444444,2.0533333333333332,16,,9 BD PAUL CEZANNE,78280,78297
2052525,0782700460,2,38,Immeuble,49.007222222222225,1.9649999999999999,16,,21 BOULEVRD ANGIBOUT,78740,78638
2054761,0782750903,1,38,Immeuble,48.80472222222222,2.1319444444444446,"27,5",,26 AV DE ST CLOUD,78000,78646
2054865,0780990247,1,23,Pylône autostable,48.99777777777778,1.821388888888889,"27,5",LES LIMONS,,78440,78267
2056904,0782750905,1,26,Pylône tubulaire,48.987500000000004,1.735,21,,82 R DES COUTURES,78520,78335
2057336,0782750907,1,17,Bâtiment,48.77333333333333,2.0716666666666668,20,,15 BD DU CHATEAU,78280,78297
2058963,0782750909,1,38,Immeuble,48.801944444444445,2.0719444444444446,20,,32 R DU DOCTEUR VAILLANT,78210,78545
2061201,0780990042,2,38,Immeuble,48.933055555555555,2.1525,14,,1 Rue DE VERDUN,78500,78586
2064106,0782750916,1,17,Bâtiment,48.76972222222222,1.9444444444444444,"25,2",,1 R DE LA THIÉRACHE,78310,78383
2064775,0780031509,1,17,Bâtiment,49.03472222222222,1.5677777777777777,6,,QUAI DE SEINE,78270,78089
2065608,0782750921,1,23,Pylône autostable,48.95277777777778,2.1822222222222223,"31,1",,R DES RENARDS,78500,78586
2066540,0780990248,2,17,Bâtiment,48.85777777777778,2.128888888888889,29,,RUE DES BEAUVILLIERS,78380,78092
2067167,0782750920,1,23,Pylône autostable,48.98305555555556,1.8930555555555555,32,,1 R DESCARTES,78130,78440
2067750,0782750923,1,26,Pylône tubulaire,48.78333333333333,1.9477777777777778,30,,CHEMIN DE LA CHARDONNERIE,78990,78208
2079433,0782750884,1,17,Bâtiment,48.98861111111111,1.6674999999999998,11,,232 AV DU BÉARN - LES DOCKS DE BUCHELAY,78200,78118
2085028,0782750927,1,26,Pylône tubulaire,48.7975,2.0116666666666667,30,ZA BOIS D'ARCY - LA BUTTE DU M,BRETELLE D'ACCES N12,78180,78423
2086242,0780990251,3,4,Château d'eau - réservoir,48.74722222222222,1.9519444444444445,44,,27 av de montfort,78320,78644
2089714,0780990252,1,26,Pylône tubulaire,48.61555555555556,1.922222222222222,"25,6",,FEDERATION FRANCAISE DE FOOTBALL CTNF,78120,78164
2095314,0780990253,2,38,Immeuble,48.82666666666667,1.9458333333333333,25,,32 R Abel Guyet,78370,78490
2099971,0780464307,2,23,Pylône autostable,48.62388888888889,1.7236111111111112,50,La Martinerie,23 rte des Hautes bruyeres,78125,78557
2103650,0782750931,1,26,Pylône tubulaire,48.967777777777776,2.0330555555555554,25,,3 R  EUGÈNE FREYSSINET,78570,78138
2118965,0780990254,2,38,Immeuble,48.86361111111111,2.1241666666666665,25,,36 RUE DE LA PRINCESSE,78430,78350
2122223,0780460306,2,23,Pylône autostable,48.743611111111115,1.9216666666666664,20,L'ETANG DES OSIERS,Rte de Lévis Saint-Nom,78310,78168
2127147,0780990257,1,38,Immeuble,48.88583333333333,2.062222222222222,"15,8",,6 RUE SAINT NOM,78112,78551
2131794,0780990246,2,38,Immeuble,48.775277777777774,1.9472222222222222,24,,1 RUE DU GANDOUGET,78990,78208
2146023,0782700227,1,38,Immeuble,48.96666666666667,1.7166666666666668,21,,13 r desnos,78711,78362
2146299,0780990259,1,38,Immeuble,48.92777777777778,2.1938888888888886,"24,5",,13 RUE DE STALINGRAD,78800,78311
2150898,0782750940,1,38,Immeuble,48.82666666666667,1.9880555555555557,26,LA VIGNERAIE,14 AVENUE CLAUDE DEBUSSY,78340,78165
2155826,0782750943,1,38,Immeuble,48.94166666666666,2.163611111111111,22,,56 AVENUE MAURICE BERTEAUX,78500,78586
2156641,0782750947,1,38,Immeuble,49.004444444444445,2.0905555555555555,"14,9",,117 RUE ARISTIDE BRIAND,78700,78172
2161651,0780990260,1,23,Pylône autostable,48.802499999999995,1.7919444444444443,"31,5",Le petit clos,ROUTE  PETIT CLOS,78490,78262
2163784,0780990262,1,38,Immeuble,48.986666666666665,1.7055555555555555,"26,4",,1 RUE EDITH PIAF,78200,78362
2166408,0782750948,1,38,Immeuble,48.995,1.683888888888889,"18,6",,10 RUE GEORGES CUVIER,78200,78361
2173014,0780990264,1,26,Pylône tubulaire,48.71388888888889,2.091111111111111,25,,CHEMIN DE CHEVINCOURT A AIGREFOIN,78470,78575
2173179,0780031465,2,17,Bâtiment,48.79833333333333,1.9702777777777778,35,,1 Bd Jean Moulin,78990,78208
2173474,0780990265,1,23,Pylône autostable,48.469722222222224,1.835277777777778,"33,3",LE CORMIER,D 132,78660,78472
2181490,0780990267,2,38,Immeuble,48.780833333333334,1.9802777777777778,18,,8 square Stendhal,78190,78621
2192469,0780990269,1,38,Immeuble,48.80416666666667,2.1625,19,,1 A 5 RUE DE BEARN,78000,78646
2192619,0780990268,1,17,Bâtiment,48.993611111111115,1.746388888888889,24,,12 r du Commandant Louis Bouchet,78520,78335
2195075,0780990270,1,26,Pylône tubulaire,48.74,1.9213888888888888,25,,27 RUE DES OSIER,78310,78168
2198515,0782290550,1,38,Immeuble,48.75861111111111,1.9358333333333333,"23,5",,"31, rue de Montfort l'Amaury",78310,78168
2203303,0782750957,1,38,Immeuble,48.972500000000004,2.027222222222222,"20,7",,16-18 R DE L'ECHO,78570,78138
2205067,0780990271,1,26,Pylône tubulaire,48.8525,2.049444444444444,31,,1 Bis chemin de la pièce Samson,78590,78455
2206063,0782290551,2,17,Bâtiment,49.00222222222222,1.9277777777777776,23,,51-61 Route de Verneuil,78130,78440
2206441,0782750962,1,38,Immeuble,49.004444444444445,2.102777777777778,"23,1",,5 ALL DES PRESSES A PLOMB,78700,78172
2206519,0782750959,1,38,Immeuble,48.96638888888889,2.0655555555555556,"24,1",,36 R DU 8 MAI 1945,78260,78005
2207110,0782750960,1,38,Immeuble,48.88444444444444,2.1494444444444443,14,,2 R DU CAPITAINE GUYNEMER 78400 CHATOU,78400,78146
2209307,0782750964,1,26,Pylône tubulaire,49.007777777777775,2.0805555555555557,"25,2",,1 RUE DES BEAUX CHAMPS,78700,78172
2210519,0782750963,1,17,Bâtiment,48.759166666666665,1.9452777777777779,"17,7",,1 ROCADE DE CAMARGUE,78310,78383
2211691,0782290198,2,38,Immeuble,48.901111111111106,2.1458333333333335,28,,9 C RUE JULES FERRY,78400,78146
2212033,0782290552,1,17,Bâtiment,49.05027777777777,1.4775,"13,8",2 Route de Vernon,NRA CENTRAL DE BLARU,78270,78068
2214194,0782750970,1,23,Pylône autostable,48.971944444444446,1.7874999999999999,32,,3 R DE SEINE,78440,78314
2214528,0782750967,1,38,Immeuble,48.797777777777775,2.1283333333333334,"22,1",,22 RUE DES TOURNELLES,78000,78646
2216003,0782750968,1,38,Immeuble,48.719722222222224,2.1033333333333335,"16,7",,1 SQUARE DE LA BARRERIE,78114,78356
2220045,0780990275,1,17,Bâtiment,48.805,2.1441666666666666,"17,5",,22 rue de Montreuil,78000,78646
2220117,0780990274,1,38,Immeuble,48.89527777777778,2.106666666666667,"20,5",,02 bld Pierre Brossolette,78230,78481
2225619,0780990277,2,17,Bâtiment,48.90083333333333,2.143611111111111,31,LES SABINETTES,RUE DES LANDES,78400,78146
2225680,0782750972,1,23,Pylône autostable,48.968611111111116,1.924722222222222,32,,3 CHEMIN  DE LA PETITE CROIX,78130,78140
2226499,0780990278,1,26,Pylône tubulaire,48.799166666666665,1.963611111111111,37,,58 avenue de Chevreuse,78370,78490
2226859,0782750971,1,23,Pylône autostable,48.72222222222222,2.0719444444444446,31,,CHEMIN DE RHODON,78114,78356
2227729,0780990279,4,23,Pylône autostable,49.065,1.663611111111111,34,,rte de la ballonnière,78840,78410
2232257,0782750976,1,38,Immeuble,48.94361111111111,2.1805555555555554,"26,5",,2 R GEORGES BERNANOS,78500,78586
2233100,0782750977,1,26,Pylône tubulaire,48.94916666666666,2.0105555555555554,31,ZONE ECOPOLE SEINE AVAL,CHEM AUX MOINES,78510,78624
2240234,0782750981,1,38,Immeuble,48.88361111111111,2.133888888888889,18,,1 ROUTE DE CROISSY,78110,78650
2241508,0782290555,1,23,Pylône autostable,48.92611111111111,1.7708333333333333,30,,Route des Laris,78930,78281
2241952,0780990280,1,26,Pylône tubulaire,48.77194444444444,2.016388888888889,25,,4 route de Trappes,78180,78423
2242498,0780460327,2,23,Pylône autostable,48.915,2.1955555555555555,22,,19 rue des entrepreneurs,78420,78124
2246131,0782750982,1,48,pylône arbre,48.79222222222222,2.0533333333333332,"26,5",ETANG DU BOIS ROBERT,D10,78280,78297
2246713,0780990284,1,42,Mât,48.92361111111111,1.6927777777777777,18,,2 CHEMIN DE GUERVILLE,78930,78677
2246862,0780990282,2,38,Immeuble,48.897777777777776,2.111666666666667,22,,9 avenue de la paix,78230,78481
2254372,0782700126,1,38,Immeuble,48.85194444444445,2.145277777777778,15,,"5, av hogg",78170,78126
2254547,0782750974,1,26,Pylône tubulaire,48.77611111111111,2.022777777777778,"21,5",,8 AVENUE DES FRENES,78180,78423
2254836,0780990285,1,38,Immeuble,48.91222222222222,2.197222222222222,"16,4",,45 Rue des Entrepreneurs,78420,78124
2254862,0780990286,1,38,Immeuble,48.99,2.065,"20,5",,5 RESIDENCE DU PARC,78570,78015
2256916,0782290556,1,23,Pylône autostable,49.050555555555555,1.6549999999999998,"35,4",,163 Grande Rue,78270,78437
2260247,0780990147,2,38,Immeuble,48.885555555555555,2.154444444444444,20,,46 pl Maurice Berteaux,78400,78146
2264275,0782750986,1,9,Intérieur sous-terrain,48.89833333333333,2.095,1,GARE RER A ST GERMAIN EN LAYE,PL DU CHATEAU,78100,78551
2264455,0780031550,2,17,Bâtiment,48.83416666666667,1.9302777777777775,20,,18 CHEMIN DU PONT DE POSSY,78850,78615
2266418,0782750987,1,38,Immeuble,48.78361111111111,2.177222222222222,27,,26 AVENUE LOUIS BREGUET,78140,78640
2272187,0780990288,1,17,Bâtiment,48.794999999999995,1.9733333333333334,"16,3",,15 RUE NORMANDIE NIEMEN,78990,78208
2273962,0782750985,1,26,Pylône tubulaire,48.933611111111105,2.176944444444444,"25,1",,134 R CHANZY,78800,78311
2274825,0782290560,1,38,Immeuble,48.7975,2.13,20,,38 AVENUE DE SCEAUX,78000,78646
2275184,0782750988,1,38,Immeuble,48.98166666666667,1.9722222222222223,"16,6",,5 ALLEE DES OISEAUX,78480,78642
2275698,0782050018,1,17,Bâtiment,48.780277777777776,2.1888888888888887,20,,9 Avenue Louis Breguet,78140,78640
2277006,0782050019,1,17,Bâtiment,48.77833333333333,2.192222222222222,11,,19 Rue Général Valérie André,78140,78640
2284067,0780990290,1,38,Immeuble,48.995,2.0986111111111114,"13,2",,23 bis rue pasteur,78700,78172
2284586,0780031443,3,38,Immeuble,48.961111111111116,1.8727777777777779,17,,61 ROUTE DE BAZEMONT,78410,78238
2284920,0782290561,1,17,Bâtiment,48.8,2.1286111111111112,"14,7",,AVENUE DE SCEAUX ,78000,78646
2290129,0782750993,1,38,Immeuble,48.78583333333333,2.2086111111111113,23,,20 RUE GRANGE DAME ROSE (THALES PROVISOIRE),78140,78640
2297099,0782290563,1,23,Pylône autostable,49.0075,2.086388888888889,30,,104 Rue de Cergy,78700,78172
2297614,0782290564,1,23,Pylône autostable,49.052499999999995,1.8427777777777778,30,,Chemin du Roy,78440,78317
2299167,0780990293,1,23,Pylône autostable,48.526666666666664,1.9725000000000001,"31,8",,5 route de Dourdan,78730,78569
2306019,0782750999,1,23,Pylône autostable,48.97972222222222,1.688611111111111,12,,11 R DE L'OUEST,78711,78362
2306154,0782290565,1,4,Château d'eau - réservoir,48.98444444444444,1.5105555555555557,40,,Rue Pasteur - D37,78270,78344
2308966,0780990296,2,38,Immeuble,48.98972222222222,2.0747222222222224,19,,2 PLACE GEORGE CLEMENCEAU,78700,78172
2311204,0780990297,1,23,Pylône autostable,48.940555555555555,1.5477777777777777,30,LA COMMANDERIE,CHEMIN DE MANTES,78890,78444
2312041,0782700507,1,38,Immeuble,48.983333333333334,1.9088888888888889,"16,7",,2 RESIDENCE DES CHENES,78130,78440
2312928,0782751002,1,23,Pylône autostable,48.76777777777777,2.055833333333333,"21,5",,3 R GALILÉE,78280,78297
2315107,0782700508,2,38,Immeuble,48.82611111111112,1.9602777777777778,15,,329 RUE PIERRE MENDES FRANCE,78370,78490
2315230,0782751005,1,17,Bâtiment,48.78333333333333,2.2241666666666666,11,,3 R DU PETIT CLAMART,78140,78640
2320373,0782700506,1,38,Immeuble,48.98388888888889,1.7230555555555558,"19,8",,10 RUE DU COTEAU,78200,78361
2323066,0780030867,2,38,Immeuble,48.837500000000006,2.129166666666667,21,,AVENUE DU PUITS D ANGLE,78170,78126
2325399,0782290567,5,23,Pylône autostable,48.87083333333334,1.613611111111111,30,LA CROIX BUISSET,Chemin rural n°3,78910,78163
2326356,0780990302,1,26,Pylône tubulaire,48.78333333333333,1.9700000000000002,"32,7",Le Sauvageot,12 rue Jean Monnet,78990,78208
2326358,0780990303,1,23,Pylône autostable,48.96666666666667,1.9502777777777778,32,,57 Chemin des Chainées,78130,78140
2327769,0782700509,1,26,Pylône tubulaire,48.97416666666667,2.040277777777778,"32,2",Complexe sportif  David Douill,rue d'Alentours,78570,78138
2328117,0780990304,1,38,Immeuble,48.94166666666666,2.164722222222222,"18,8",,33 avenue maurice berteaux,78500,78586
2330906,0782751011,1,26,Pylône tubulaire,48.76,1.9233333333333331,25,,13 R LAVOISIER,78310,78383
2331443,0782290570,1,17,Bâtiment,49.035555555555554,1.5958333333333334,"15,5",,6 rue des alpes,78840,78255
2335751,0782290571,1,23,Pylône autostable,48.92916666666667,1.5274999999999999,30,Le blanc fossé,le moulin de l'étange,78980,78444
2335901,0780990113,2,26,Pylône tubulaire,48.808055555555555,2.0388888888888888,"39,4",,AV GEORGES POMPIDOU,78330,78242
2335964,0780466048,1,26,Pylône tubulaire,48.909444444444446,2.0747222222222224,21,,ROUTES DES PRINCES,78100,78551
2335970,0780466049,1,42,Mât,48.901111111111106,2.073055555555556,20,,72 RUE PEREIRE,78100,78551
2335975,0780466050,1,42,Mât,48.88,2.0788888888888892,25,,CHEMIN DE LA BUTTE,78750,78367
2336857,0780466051,1,26,Pylône tubulaire,48.865,2.051111111111111,30,,ROUTE DES MUSES,78620,78224
2336884,0780466053,1,42,Mât,48.79888888888889,2.073888888888889,20,,13 PL PIERRE SEMARD,78000,78646
2336886,0780466054,1,26,Pylône tubulaire,48.79527777777778,2.093055555555556,25,GARE DE FRET DES MATELOTS,,78000,78646
2337497,0782751009,1,38,Immeuble,48.98166666666667,1.7105555555555556,"22,8",,2 R DE NORMANDIE,78711,78362
2342600,0780990306,1,38,Immeuble,48.89277777777778,2.1347222222222224,"17,8",,26 rue du marechal Foch,78110,78650
2350252,0782750867,2,38,Immeuble,48.76916666666666,1.996388888888889,26,,7 r denis papin,78190,78621
2360919,0780990308,1,23,Pylône autostable,48.9575,1.888611111111111,"31,9",,CHEMIN DE NEZEL,78410,78090
2360921,0780990309,1,26,Pylône tubulaire,48.78333333333333,1.9477777777777778,"31,5",FOND DE COQUANNE,CHEMIN DE LA CHARDONNERIE,78990,78208
2367797,0780990310,1,26,Pylône tubulaire,48.96388888888889,1.8608333333333333,"31,7",La Croix Forfaiture,Proche D14,78410,78029
2367799,0780990311,1,17,Bâtiment,49.00416666666667,2.0908333333333333,"17,2",LA CROIX ROUGE,117 RUE ARISTIDE BRIAND,78700,78172
2373176,0780466052,1,42,Mât,48.8425,2.0591666666666666,20,,2 AVENUE DE L'EUROPE,78590,78455
2373345,0780990312,1,23,Pylône autostable,48.63472222222222,1.7816666666666665,"40,2",,LE MOULIN DE LA FERME,78125,78269
2375882,0780990313,3,38,Immeuble,48.93083333333333,2.0569444444444445,46,,19 rue des pavillons,78300,78498
2378419,0780990373,4,17,Bâtiment,48.92027777777778,2.1838888888888888,21,,15-31 RUE ROBESPIERRE,78800,78311
2378964,0780990315,1,23,Pylône autostable,49.01861111111111,1.7216666666666667,"30,3",,Route de Fontenay Saint PèreLE HAUT DES CLOS BELLANDSPARC,78520,78239
2378966,0780990316,1,38,Immeuble,48.94277777777778,2.1877777777777774,"16,4",,RUE DE LA CROIX MALLARD,78500,78586
2380230,0780990314,1,23,Pylône autostable,48.73638888888889,1.6477777777777778,"32,6",,route de nogent,78113,78171
2381350,0782751017,1,23,Pylône autostable,48.816944444444445,1.9188888888888886,14,,2191 Rue DE LA BOISSIÈRE,78370,78490
2382581,0780990318,1,26,Pylône tubulaire,48.797777777777775,1.6680555555555554,"25,7",,66 bis av de Paris parcelle,78550,78048
2382618,0782290576,1,17,Bâtiment,48.90555555555555,2.0394444444444444,"23,4",,36 GR GRANDE RUE ,78240,78133
2386761,0780990320,1,23,Pylône autostable,48.69777777777777,1.5875000000000001,"43,9",,Chemin de la Briquetterie pres de la D983,78113,78606
2397123,0780990321,1,38,Immeuble,48.99305555555556,2.0922222222222224,20,,21 rue Arnould Crapotte,78700,78172
2402702,0782751016,1,26,Pylône tubulaire,48.76777777777777,1.9769444444444446,24,,58 RTE DE CHARTRES,78190,78621
2404436,0780990323,1,38,Immeuble,48.784166666666664,2.116388888888889,29,5 ALLEE DES BIEVRES,,78000,78646
2405096,0780990324,1,38,Immeuble,48.83972222222222,2.122777777777778,"18,6",,11 ALLEE DE LA GRANDE PROMENADE,78170,78126
2409342,0782751019,1,38,Immeuble,48.79388888888889,1.9744444444444447,17,,21 RUE DE BRUXELLES,78990,78208
2409680,0782751006,1,38,Immeuble,48.94222222222222,2.194444444444444,27,,64 AV GEORGES CLEMENCEAU,78500,78586
2411672,0782290580,1,23,Pylône autostable,48.94194444444444,1.546111111111111,30,ZA Les Campanules ,D.11 /Chem de Longnes,78980,78444
2412275,0782290212,2,38,Immeuble,48.74055555555556,2.0900000000000003,16,,5 Place des Dix Toises,78117,78143
241342,0780250002,1,17,Bâtiment,48.77444444444444,2.0083333333333333,27,,7 r teisserenc-de bort,78190,78621
241344,0780250002,1,17,Bâtiment,48.772777777777776,2.0125,6,,7 r teisserenc-de bort,78190,78621
2419269,0780990326,1,17,Bâtiment,48.801944444444445,2.0252777777777777,"15,3",,27 impasse Buffon,78390,78073
2419350,0782751022,1,23,Pylône autostable,49.028055555555554,1.918611111111111,"25,6",,CHEMIN DE LA CAVEE,78250,78609
2425176,0780990328,1,23,Pylône autostable,48.71666666666667,1.7974999999999999,"36,7",,La Rue Neuveparcelle,78610,78108
2433925,0780990330,1,38,Immeuble,48.94472222222222,2.200555555555556,"39,9",,12 Avenue de l Europe,78500,78586
2435055,0782751025,1,23,Pylône autostable,48.97138888888889,2.066111111111111,"32,5",,RTE DU BARRAGE,78260,78005
2436352,0782751023,1,23,Pylône autostable,48.75888888888889,1.956388888888889,"26,5",,26 RTE NATIONAL 10,78320,78644
2437003,0782290554,2,26,Pylône tubulaire,48.78333333333333,1.9483333333333333,30,FOND DE COQUANNE,CHEMIN DE LA CHARDONNERIE,78990,78208
2437031,0780990292,2,17,Bâtiment,48.788888888888884,2.0349999999999997,18,,2 PLACE DE LA PAIX CELESTE,78180,78423
2437970,0782290581,1,48,pylône arbre,48.947222222222216,2.187222222222222,25,,103 R LÉON JOUHAUX,78500,78586
2438305,0782751018,1,38,Immeuble,48.94833333333333,2.062222222222222,15,,2 R CHARLES EDOUARD JEANNERET,78300,78498
2438456,0782290193,3,23,Pylône autostable,48.80416666666667,1.8527777777777779,30,La Ferme Saint Aubin,N12 / GR 1,78640,78443
2445291,0782290585,1,17,Bâtiment,48.88388888888889,2.0683333333333334,15,,4 Rue George Sand,78100,78551
2451747,0782751031,1,17,Bâtiment,48.755,1.9302777777777775,"12,5",,2 Rue AMPERE,78310,78168
2453671,0782751030,1,38,Immeuble,48.98583333333333,1.9647222222222223,"18,4",,8 Rue DU PRE ROUSSELIN,78480,78642
2456572,0782290586,1,17,Bâtiment,48.890277777777776,2.113611111111111,8,,"38, av du pdt wilson",78230,78481
2456581,0782751027,1,38,Immeuble,49.00555555555555,1.9147222222222222,"17,5",,50 R GAMBETTA,78250,78401
2462324,0780990334,1,38,Immeuble,48.79694444444444,2.064722222222222,"15,4",,RUE EMILE ZOLA,78210,78545
2463198,0780990335,2,38,Immeuble,48.99055555555556,2.0524999999999998,20,LES CHARVAUX,8 CHE DES ÉCOLIERS,78570,78015
2465554,0782290187,2,38,Immeuble,48.783055555555556,1.9919444444444445,"31,7",,5 SQ GEORGES SAND,78190,78621
2470502,0782751040,1,38,Immeuble,48.834722222222226,1.995,"16,9",,8-10 AV DU GRAND CANAL,78450,78674
2470524,0782751041,1,26,Pylône tubulaire,48.98694444444445,1.8211111111111111,25,,23 AV DE PARIS,78440,78267
2470619,0780990337,1,48,pylône arbre,48.76777777777777,1.94,"31,7",LES FRICHES,BOULEVARD DU RHIN,78310,78383
2471795,0780990338,1,38,Immeuble,48.92222222222222,2.1766666666666663,"14,7",,41 rue du president kennedy,78800,78311
2477648,0780990339,1,38,Immeuble,48.78388888888889,2.2080555555555557,"20,5",,16 rue grange dame rose,78140,78640
2479135,0782751039,1,26,Pylône tubulaire,48.93583333333333,2.0233333333333334,19,,LA PLAINE EST,78955,78123
2481695,0782290591,1,17,Bâtiment,48.81388888888888,2.1044444444444443,"13,5",,PARC DU CHATEAU DE VERSAILLES,78000,78646
2484086,0780990340,1,23,Pylône autostable,48.96055555555556,1.7586111111111111,"31,9",Les grands débats,rue des mauduits,78930,78291
2494730,0782751044,1,38,Immeuble,48.80277777777778,2.1319444444444446,10,,2 PL ANDRÉ MIGNOT,78000,78646
2495896,0780990342,2,38,Immeuble,48.995,1.6766666666666665,"17,9",,7 rue Denis Papin,78200,78361
249711,0782700188,1,38,Immeuble,48.94277777777778,2.031388888888889,"33,7",,226 r ernest jolly,78955,78123
2497788,0782751045,1,38,Immeuble,48.91611111111111,2.177222222222222,"29,1",,1 R BUZENVAL,78420,78124
2509689,0782290605,4,23,Pylône autostable,48.97916666666667,1.5380555555555555,37,,Chemin ravin des vallorées,78980,78558
2511044,0782290592,1,4,Château d'eau - réservoir,48.91222222222222,1.7205555555555556,26,,Rue du clos Jottru,78790,78020
2514149,0780990305,2,23,Pylône autostable,48.945277777777775,1.7455555555555555,36,Les Cumonts,8  rue de la Persévérance,78930,78291
2521964,0782290594,1,23,Pylône autostable,48.77638888888889,1.6294444444444445,30,,ROUTE DE RAMBOUILLET,78550,78381
2522099,0782290596,1,26,Pylône tubulaire,48.94972222222222,2.198611111111111,20,,50 Rue Jean Pierre Timbaud,78500,78586
2522176,0780990295,2,23,Pylône autostable,48.77222222222222,1.7616666666666667,43,LA LOGE LANDRIN,CHEMIN RURAL 5 D112,78490,78289
2522774,0782290597,1,26,Pylône tubulaire,48.96,1.8888888888888888,"25,3",,Chemin Moncharmont,78410,78090
2537641,0782290599,2,38,Immeuble,48.797777777777775,2.1341666666666668,26,,"27ter, rue de Noailles",78000,78646
2539401,0780990346,2,38,Immeuble,48.92055555555555,2.199722222222222,"14,5",,104 bd jean jaures,78800,78311
2540254,0780990347,1,23,Pylône autostable,48.90138888888889,1.5466666666666666,30,,Proche route nationale,78980,78413
2540328,0782700519,1,26,Pylône tubulaire,48.96472222222223,1.6844444444444444,"28,5",,AVENUE PIERRE BEREGOVOY,78200,78354
2543847,0780031552,1,38,Immeuble,48.75111111111111,1.9208333333333332,17,,13 ALLEE DU MOISSONNEUR,78310,78168
2543849,0780031554,1,17,Bâtiment,48.819722222222225,2.0788888888888892,8,,CHEMIN DU CARRE DE REUNION,78870,78043
2548889,0780990348,1,38,Immeuble,48.92027777777778,2.033333333333333,"19,5",,AVENUE DU MARECHAL LYAUTEY,78300,78498
2555417,0782290601,2,48,pylône arbre,48.776666666666664,2.0377777777777775,24,,av du General Leclerc / av. av Nicolas About,78180,78423
2556544,0782751054,1,26,Pylône tubulaire,48.78666666666666,1.9380555555555556,"31,6",,RTE D'ELANCOURT,78760,78321
2563326,0782700076,2,38,Immeuble,48.81222222222222,2.1552777777777776,"35,7",,2 ALL HECTOR BERLIOZ,78000,78646
2565588,0782700521,1,17,Bâtiment,48.80416666666667,1.8930555555555555,"14,2",,8 RUE DES ARTISANS,78760,78321
2566701,0782700522,1,17,Bâtiment,48.89555555555555,2.105277777777778,27,,4 RUE d'Estienne d'Orves,78230,78481
2576065,0780990350,1,38,Immeuble,48.791666666666664,1.9649999999999999,"18,7",,2 rue alain colas,78990,78208
2577419,0780990351,1,38,Immeuble,48.918055555555554,2.0377777777777775,"14,9",,29 rue Saint Barthélémy,78300,78498
2577441,0780990352,1,26,Pylône tubulaire,48.94972222222222,2.1983333333333333,"20,2",,50 rue Jean-Pierre Timbaud,78500,78586
2577887,0782290603,3,23,Pylône autostable,48.71388888888889,1.6502777777777777,47,Bruyères des Vallées,,78113,78006
2580010,0782700523,2,26,Pylône tubulaire,48.96666666666667,1.8472222222222223,25,,1 RUE AUGUSTIN FRESNEL,78410,78029
2580614,0782290604,1,48,pylône arbre,49.01694444444444,1.7066666666666666,31,Les Plantes buchettes,Chemin de la Buchette,78520,78239
2581557,0782751057,1,38,Immeuble,48.98277777777778,1.9130555555555555,"26,4",,7 B R DES GIROFLÉES,78130,78440
2584822,0780990353,1,23,Pylône autostable,48.885555555555555,1.8525,"31,9",Les Fourneaux,Proche chemin fontaine de la serpe,78124,78415
2589444,0782751059,1,23,Pylône autostable,48.98388888888889,2.052222222222222,"18,5",,D55 - AV VICTOR SCHOELCHER ( AW-226),78570,78015
2589449,0782751058,1,38,Immeuble,48.78138888888889,2.19,"17,6",,5-9 AV CAPITAINE TARRON,78140,78640
2590096,0782700524,1,38,Immeuble,48.914722222222224,2.1733333333333333,"28,6",LES ALOUETTES,RESIDENCE DES ALOUETTES,78420,78124
2592912,0780990356,1,17,Bâtiment,48.99027777777778,1.7408333333333335,"18,5",,45 rue Abel Plisson,78520,78335
2592914,0780990357,1,17,Bâtiment,48.77972222222222,2.04,"14,9",LES PRES,RUE VICTOR HUGO,78180,78423
2593319,0780990249,2,48,pylône arbre,48.748333333333335,1.8808333333333334,36,LA PLAINE DE BEAUVAIS,,78690,78576
2594809,0782751063,1,38,Immeuble,48.790277777777774,2.147222222222222,"25,5",,18 R DU PONT COLBERT,78000,78646
2599365,0780990358,1,38,Immeuble,48.99305555555556,1.6941666666666666,"18,8",,106 rue Pierre Semard,78200,78361
2603474,0780990359,1,23,Pylône autostable,48.8675,1.7108333333333332,"40,2",,Chemin à Dramard La Pointe à Dramard,78910,78475
2606452,0782751065,1,23,Pylône autostable,48.980000000000004,1.9980555555555557,26,,4 RTE DE VERNEUIL,78510,78624
2606937,0780990362,2,38,Immeuble,48.77111111111111,2.1705555555555556,16,LE VALLON,"13, r des fonds",78350,78322
2613723,0780990363,2,38,Immeuble,48.812777777777775,2.131666666666667,26,NOTRE DAME,17 r des missionnaires,78000,78646
2615493,0782700526,2,23,Pylône autostable,48.978611111111114,1.7047222222222222,36,STADE AIME BERGEAL,37 R LOUISE MICHEL,78711,78362
2617660,0780990364,1,26,Pylône tubulaire,48.799166666666665,1.9791666666666667,"31,2",,Avenue Gay Lussac,78990,78208
2617662,0780990365,1,38,Immeuble,49.00388888888889,1.695,"18,2",LE VAL FOURRE,RUE FRANCOIS PIZARRE,78200,78361
2618123,0780990366,1,17,Bâtiment,48.58777777777778,1.9880555555555557,"16,6",LA FAISANDERIE,CHEMIN SOUS LA VILLE,78730,78522
2618271,0782700527,1,26,Pylône tubulaire,48.80222222222222,1.9805555555555556,26,,55 R PIERRE CURIE,78370,78490
2621385,0780600036,1,23,Pylône autostable,48.970555555555556,1.9052777777777776,20,Les Sablons,Echangeur,78410,78090
2622094,0782700528,1,48,pylône arbre,49.01722222222222,1.7069444444444444,30,LES PLANTES BUCHETTES,CHEMIN DE LA BUCHETTE,78520,78239
2622134,0780600039,1,23,Pylône autostable,48.98277777777778,1.6797222222222221,15,Le Val au Roi,Péage,78200,78118
2622136,0780600041,1,23,Pylône autostable,49.02111111111111,1.5477777777777777,14,La Conseillerie,Aire de repos,78270,78668
2622138,0780600042,1,23,Pylône autostable,49.02638888888889,1.4830555555555556,20,Les Longs Champs,Route de Blaru,78270,78147
2623259,0780990222,3,23,Pylône autostable,48.885,1.93,33,La Pièce du Regard,Route de Suresnes,78121,78189
2623527,0780990367,1,23,Pylône autostable,48.98361111111111,1.8927777777777777,"31,9",,1 RUE DESCARTES,78130,78440
2623529,0780990368,1,48,pylône arbre,48.975833333333334,2.0194444444444444,"31,5",,rue de Chanteloup,78510,78624
2624308,0782290611,1,26,Pylône tubulaire,48.657222222222224,1.6758333333333333,45,,"13, Rue des Pierriers",78125,78307
2624860,0782751060,1,38,Immeuble,48.96138888888889,2.071388888888889,"16,4",,6 R MAURICE BERTEAUX,78260,78005
2629308,0780990369,1,23,Pylône autostable,48.49777777777778,1.895,"33,3",,RUE DU CHATEAU,78660,78071
2632375,0780990370,1,23,Pylône autostable,48.86833333333333,1.9908333333333335,"25,9",LES QUARANTE ARPENTS,CHEMIN DES QUARANTE ARPENTS,78860,78571
2637612,0782700533,4,23,Pylône autostable,48.619166666666665,1.6875,"36,1",Les vallières,44 CHEMIN DES SAMSONS,78125,78516
2640737,0782751068,1,17,Bâtiment,48.827222222222225,1.9719444444444445,"12,3",,32 R DES DAMES,78340,78165
2643977,0782700535,1,26,Pylône tubulaire,48.96027777777778,2.151111111111111,26,,8 RESIDENCE DESAIX,78600,78358
2653384,0782290614,1,26,Pylône tubulaire,48.83027777777778,1.9786111111111113,"30,6",,10 Avenue du President Kennedy,78340,78165
2658272,0780990374,1,17,Bâtiment,48.948055555555555,2.0375,"19,8",,IMPASSE SAINT EXUPERY,78955,78123
2670568,0782751076,1,38,Immeuble,48.8925,2.1319444444444446,22,,3-5 PL DU MARCHE,78110,78650
2670965,0782290615,1,26,Pylône tubulaire,48.94499999999999,1.7916666666666665,"31,2",LA CONCHE,Chemin de la CONCHE,78970,78402
2672090,0782700536,1,17,Bâtiment,48.87972222222222,2.0966666666666667,"27,7",,1 AVENUE DES VIGNES BENETTES,78230,78481
2674067,0782751067,1,26,Pylône tubulaire,48.96361111111111,1.8608333333333333,"31,7",,LA CROIX FORFAITURE,78410,78029
2676120,0780990376,1,17,Bâtiment,48.961666666666666,2.0694444444444446,"17,9",,1 rue Saint-Martin,78260,78005
2676162,0782751078,1,38,Immeuble,48.89333333333333,2.0641666666666665,31,,10 R LUDWIC VAN BEETHOVEN,78100,78551
2680076,0780990377,2,23,Pylône autostable,48.900277777777774,1.613611111111111,32,,RUE DE TILLY,78111,78192
268074,0782290274,1,38,Immeuble,48.98861111111111,1.7016666666666667,32,,31 r jean jouen,78711,78362
268078,0782290276,1,23,Pylône autostable,48.726111111111116,1.896388888888889,11,Mauregard,15 r georges pompidou,78690,78220
2683820,0780990343,2,23,Pylône autostable,48.90972222222222,2.005,32,,CHEM DE LA BIDONNIERE AU POULT,78300,78498
2684605,0782700529,1,17,Bâtiment,48.99055555555556,1.7416666666666667,"18,5",,9 RUE DU 11 NOVEMBRE,78520,78335
2685094,0782751083,1,23,Pylône autostable,48.99166666666667,2.0069444444444446,24,,149 R DE L'HAUTIL,78510,78624
2685101,0782751084,1,23,Pylône autostable,48.905,2.056388888888889,20,,6 ALLEE DE POMONE,78100,78551
2685890,0782700538,1,23,Pylône autostable,48.966944444444444,1.8519444444444446,32,,IMPASSE DES CHEVRIES,78410,78029
2687326,0782751082,1,26,Pylône tubulaire,48.8075,1.8841666666666665,25,,5 RTE DE ST GERMAIN,78640,78683
2688146,0782751077,1,26,Pylône tubulaire,48.80555555555555,1.9613888888888888,18,STADE DES GATINES,93 SEN DU CLOS LANGRONE,78370,78490
2690288,0780990378,1,17,Bâtiment,48.77444444444444,2.073888888888889,"22,7",LE PONT DU ROUTOIR,ALLEE DU COMMERCE,78280,78297
2690290,0780990379,1,17,Bâtiment,48.72944444444445,1.9291666666666665,"16,8",FERME DES NEFLIERS,CHEMIN DES NEFLIERS,78320,78334
2690397,0782700537,1,38,Immeuble,48.902499999999996,2.136388888888889,16,,11 ROUTE DE MONTESSON,78110,78650
2692453,0780990380,1,23,Pylône autostable,48.882222222222225,1.6627777777777777,30,LA HAYE MARIN,D 983,78790,78591
2693853,0780990381,1,17,Bâtiment,49.01083333333333,1.8991666666666667,"15,4",,59 ET 61 RUE DU VEXIN,78250,78299
2701841,0780990383,1,23,Pylône autostable,49.013888888888886,1.64,"25,9",LES GAUDES,Chemin des Pommeraies,78520,78290
2703207,0782751073,1,26,Pylône tubulaire,48.97777777777778,1.8044444444444445,"26,4",,11 R DES LONGUES RAIES,78440,78267
2710040,0782751088,1,38,Immeuble,48.81888888888889,1.9663888888888887,"17,4",,25 PL DE L'EUROPE,78370,78490
2716093,0780990387,1,23,Pylône autostable,48.97,1.7105555555555556,"31,9",,IMPASSE CAMILLE,78200,78362
2719542,0780990388,1,38,Immeuble,48.98861111111111,1.8969444444444443,15,LA NOUVELLE FRANCE,RUE DES BOSQUETS,78130,78440
2720444,0780990389,1,17,Bâtiment,48.82972222222222,1.9936111111111112,"24,2",,6 RUE DE LA POINTE A L'ANGE,78450,78674
2720446,0780990390,1,17,Bâtiment,48.780833333333334,2.221111111111111,"17,9",,2 avenue de l'Europe,78140,78640
2720448,0780990391,1,38,Immeuble,48.88305555555556,2.131111111111111,"14,4",LES GABILLONS,Avenue de la princesse,78110,78650
2722119,0782290618,3,23,Pylône autostable,48.80472222222222,2.0372222222222223,33,,70  Rue Raymond Falaize,78390,78073
2723880,0782290520,2,38,Immeuble,48.89888888888889,2.1130555555555555,19,,47-49 rue Circulaire,78110,78650
2724719,0780990392,1,42,Mât,48.83416666666667,2.086666666666667,"8,7",,PMV Sirius A12 PK 1.4 Sens Province Paris,78870,78043
2724725,0780990395,1,42,Mât,48.78805555555555,2.141111111111111,8,,Route du cerf volant,78530,78117
2724737,0780990401,1,42,Mât,48.79861111111111,1.9302777777777775,8,,Nationale 12 - sous le Pont D134/D912,78370,78490
2725044,0780990036,2,38,Immeuble,48.88111111111111,2.0966666666666667,"28,7",Les Vignes Benettes,46 Av du Pdt John Kennedy,78230,78481
2725089,0780990400,2,49,"Ouvrage de signalisation (portique routier, panneau routier)",48.855555555555554,2.0574999999999997,7,Autoroute de Normandie,Autoroute A13 - sens Province Paris - PR 16,78590,78455
2725119,0780990398,2,26,Pylône tubulaire,48.97944444444445,1.7197222222222224,36,,25 route de chantereine,78711,78362
2725130,0780990402,1,42,Mât,48.77777777777778,2.2225,"7,9",,ech n118 sud vers a86 pr7.6,78140,78640
2725179,0780990393,2,49,"Ouvrage de signalisation (portique routier, panneau routier)",48.845,2.0872222222222225,8,,Intersection Autoroute A13 Sens Province Paris Pr 13.2 et D,78870,78043
2725200,0780990198,3,23,Pylône autostable,48.670833333333334,1.6847222222222222,30,la Butte Ronde,chemin rural N°52,78125,78077
2728501,0782751097,1,26,Pylône tubulaire,48.98444444444444,1.743888888888889,"25,8",,6 CHEM LATÉRAL SUD,78520,78335
2728513,0782751098,1,26,Pylône tubulaire,48.803888888888885,1.8927777777777777,"25,5",,8 RUE DES ARTISANS,78760,78321
2729049,0780990403,1,23,Pylône autostable,48.95166666666667,1.6483333333333332,30,,Le Petit Canton,78200,78597
2732116,0782751069,1,38,Immeuble,48.92583333333333,2.051388888888889,"38,8",,20 R DE LA BRUYÈRE,78300,78498
2732579,0780990404,1,23,Pylône autostable,48.92111111111111,2.0030555555555556,30,,Route de Quarante Sous,78630,78466
2732873,0782751075,1,38,Immeuble,48.765277777777776,1.948888888888889,"27,6",,1 R DE BRIE,78310,78383
2734102,0782700545,1,48,pylône arbre,48.901944444444446,2.1791666666666667,36,L'île fleurie,Golf Ile Fleurie,78420,78124
2734469,0780990336,2,23,Pylône autostable,48.87722222222222,1.5680555555555555,30,Les prés de Mantes,Grand Rue,78790,78618
2734929,0780990406,1,17,Bâtiment,48.94277777777778,2.026388888888889,"21,7",,76 rue des fleurs,78955,78123
2736013,0782751101,1,23,Pylône autostable,48.74111111111111,2.0894444444444447,21,,7 PL DES 10 TOISES,78117,78143
2736355,0782751090,1,26,Pylône tubulaire,48.77222222222222,1.9913888888888889,15,,25 AV DE L'ARMEE LECLERC,78190,78621
2736475,0782290171,2,38,Immeuble,48.933055555555555,2.151388888888889,20,,2 RUE DE VERDUN,78500,78586
2737048,0780990407,1,26,Pylône tubulaire,48.65333333333333,1.8497222222222223,"25,2",,8 rue André Marie Ampère,78120,78517
2737138,0782700542,1,17,Bâtiment,48.94611111111111,2.1516666666666664,"20,7",,18 RUE DE PARIS,78600,78358
2737268,0782751095,1,38,Immeuble,48.70305555555556,2.0780555555555558,"12,1",,39 R PIERRE  CURIE,78470,78575
2737347,0782700548,2,23,Pylône autostable,48.99138888888889,2.0652777777777778,35,DANGU,D55 AVENUE JEAN MOULIN,78780,78382
2737355,0780990209,3,23,Pylône autostable,49.058055555555555,1.53,41,,Rue des riviers de bas,78270,78337
2745561,0782700551,2,23,Pylône autostable,48.96666666666667,2.174444444444444,36,,Champ de courses d'entrainement de Fromainville,78260,78005
2747002,0782751102,1,26,Pylône tubulaire,48.8425,2.1130555555555555,"25,5",,BUTTE DE ROCQUENCOURT - SORTIE ST GERMAIN EN LAYE,78170,78126
2748064,0780990408,2,26,Pylône tubulaire,48.755,1.9402777777777778,"31,5",,Shurgard Coignières 1,78310,78168
2748281,0782700554,1,23,Pylône autostable,48.96805555555556,1.7049999999999998,30,,Chemin des orgemonts,78200,78362
2749613,0780990409,1,38,Immeuble,48.785,2.0505555555555555,"19,5",,3 RUE JACQUES DUCLOS,78280,78297
2749720,0782700541,1,38,Immeuble,48.779444444444444,1.9783333333333335,"16,9",,304 SQUARE AUGUSTE RENOIR,78190,78621
2752740,0782751099,1,38,Immeuble,48.94888888888889,2.1391666666666667,"19,4",,10 Rue DE LA PASSERELLE,78600,78358
2756169,0780990410,1,17,Bâtiment,48.7675,2.0266666666666664,"19,5",,11 RUE DES NEREIDES,78180,78423
2759351,0780990412,1,23,Pylône autostable,49.0225,1.8191666666666666,"40,2",,SOUS LA CHARTRE,78440,78113
2759630,0782290620,1,23,Pylône autostable,48.635,1.781388888888889,36,,pièces de Guéville,78125,78269
2763931,0782751104,1,23,Pylône autostable,49.01722222222222,1.9341666666666666,"38,5",,R NOUVEAU CIMETIÈRE « LES CLOSEAUX »,78740,78227
2772477,0780990413,1,38,Immeuble,48.98083333333334,2.0027777777777778,20,,Place Charles de Gaulle,78510,78624
2772479,0780990414,1,17,Bâtiment,48.80583333333333,2.1294444444444447,"36,5",,27-29 RUE CARNOT,78000,78646
2773166,0780990033,2,38,Immeuble,48.91583333333333,2.176388888888889,27,,1 H rue de Buzenval,78420,78124
2775189,0780990415,2,17,Bâtiment,48.848888888888894,2.136111111111111,21,,7 AVENUE GUSTAVE MESUREUR,78170,78126
2779024,0782290623,1,23,Pylône autostable,48.53611111111111,1.876111111111111,30,,1 chemin des Ouches,78660,78003
2781233,0780990399,2,32,"Ouvrage d'art (pont, viaduc)",48.79472222222222,2.0413888888888887,9,Echangeur N12/A12,Pont PR6.9 A12 sens Paris Province,78390,78073
2783727,0782700556,1,48,pylône arbre,48.95611111111111,1.8644444444444446,30,LES HAUTS VENTS,Parc des Flans,78410,78238
2784087,0782751091,1,38,Immeuble,49.00055555555556,1.7025,16,,2 SQ CHANTECOQ,78200,78361
2787955,0780990416,2,10,Tunnel,48.797777777777775,1.9108333333333332,10,,RN 12 Tunnel de Pontchartrain,78760,78321
2791392,0782751106,3,23,Pylône autostable,48.86277777777778,1.6824999999999999,26,Le Bocquet,CHEMIN DES PLANTES,78910,78505
2798891,0780990418,1,38,Immeuble,48.95333333333333,2.0672222222222225,"16,5",,33 RUE MAURICE CARRARD,78260,78005
2801202,0782700557,1,38,Immeuble,48.76916666666666,1.996388888888889,"24,1",,9 Rue Denis Papin,78190,78621
2805018,0780990419,1,23,Pylône autostable,49.00833333333333,2.081388888888889,"31,9",,Rue des Beaux Champs,78700,78172
281186,0782290300,1,17,Bâtiment,48.921388888888885,2.197222222222222,"14,5",,41 r Ernest Renan,78800,78311
2813103,0780990421,1,17,Bâtiment,48.906388888888884,2.1172222222222223,"10,3",,40 AVENUE GABRIEL PERI,78360,78418
2813476,0782290070,2,23,Pylône autostable,48.99888888888889,1.9119444444444444,54,LA SANGLE,1 rue felix faure,78130,78440
2819363,0780990422,1,17,Bâtiment,48.92833333333333,2.144722222222222,5,,280 Avenue Gabriel Péri,78360,78418
2819728,0780990307,2,26,Pylône tubulaire,48.98305555555556,1.6791666666666665,31,La voie de Mantes,rue de la Plaine des Sports,78200,78118
2833167,0782751110,1,38,Immeuble,48.775277777777774,1.946388888888889,"24,3",,4 Rue DU GANDOUGET,78990,78208
2834371,0780990423,1,38,Immeuble,48.99583333333334,1.7144444444444444,"19,4",,9 rue Alexandre Palombes,78200,78361
2836734,0782290626,1,26,Pylône tubulaire,48.91916666666666,1.5941666666666667,25,,Rue du Clos Hubert,78980,78346
2838859,0780990424,1,38,Immeuble,49.00555555555555,1.9038888888888887,"14,4",,4 boulevard Carnot,78250,78299
2842459,0780990425,1,17,Bâtiment,48.78,2.0352777777777775,"31,9",,ALLEE DES EPINES,78180,78423
2843252,0780990426,2,4,Château d'eau - réservoir,48.68611111111111,1.6494444444444445,38,Le Moulin à Vent,"3, La vallée du Guerrier",78125,78077
2844180,0780990427,1,17,Bâtiment,48.92833333333333,2.1438888888888887,"17,4",,280 avenue Gabriel peri,78360,78418
2848803,0780990417,2,38,Immeuble,48.78472222222222,2.0574999999999997,18,,1 AVENUE CLAUDE MONET,78280,78297
2849945,0780990428,2,23,Pylône autostable,48.590833333333336,1.8066666666666666,30,Nouveau Cimetière,Voie Communale n°4,78125,78464
2850248,0780990430,1,38,Immeuble,48.88361111111111,2.0683333333333334,"16,8",,2 rue George Sand,78100,78551
2851902,0780990431,2,23,Pylône autostable,49.01722222222222,1.958888888888889,26,,Rue DU MOULIN À VENT,78740,78638
2852422,0782290627,1,23,Pylône autostable,48.981388888888894,1.8052777777777778,34,,Rue de la céramique,78440,78267
2859530,0782700560,1,23,Pylône autostable,48.79944444444444,2.043333333333333,42,,3 RUE DU BOIS,78390,78073
2863143,0780990084,2,23,Pylône autostable,48.96888888888889,1.8969444444444443,30,,598 Rue de Flins,78410,78090
2863171,0780460002,1,23,Pylône autostable,48.95277777777778,1.5669444444444445,20,,La Folie Panier,78980,78107
2863173,0780467021,1,10,Tunnel,48.95277777777778,1.5672222222222223,7,,La Folie Panier,78980,78107
2865412,0780031483,1,17,Bâtiment,48.8,2.1344444444444446,4,,28 AVENUE DE PARIS,78000,78646
2865414,0780034008,1,9,Intérieur sous-terrain,48.79555555555555,2.1333333333333333,0,,9 RUE DES ETANGS GOBERT,78000,78646
2865806,0780034063,3,17,Bâtiment,48.82694444444445,1.9575,15,,1170 av de saint germain ,78370,78490
2866133,0780990432,1,17,Bâtiment,48.75888888888889,2.051111111111111,"16,3",,1 place Charles de Gaulle,78960,78688
2866314,0780034021,1,17,Bâtiment,48.79277777777778,1.9758333333333336,12,,2 Avenue Gay Lussac,78990,78208
2867489,0780990433,1,23,Pylône autostable,48.77777777777778,1.6508333333333332,"31,9",,Route d Olivet,78950,78263
2867491,0780990434,1,38,Immeuble,48.901944444444446,2.1169444444444445,"15,7",,1 rue des Merlettes,78230,78481
2868011,0782290629,1,38,Immeuble,48.99305555555556,2.0922222222222224,"18,7",,21 Rue Arnoult Crapotte,78700,78172
2870809,0780460001,1,23,Pylône autostable,48.95638888888889,1.5772222222222223,30,,Chemin du Hallot,78200,78082
2873647,0780220098,2,24,Pylône haubané,48.69777777777777,1.587777777777778,40,La butte du tartre,,78113,78606
2875154,0780990436,1,38,Immeuble,48.92333333333333,2.0349999999999997,"23,4",,13 avenue Théodore de Bèze,78300,78498
2881644,0782751112,1,38,Immeuble,48.95388888888889,2.068055555555556,"14,6",,12 R PIERRE SEMARD,78260,78005
2883029,0780990437,2,26,Pylône tubulaire,48.778055555555554,1.8944444444444444,31,LA BUTTE ROUGE,Rue de la Dauberie,78760,78321
2890501,0780460001,1,10,Tunnel,48.95611111111111,1.5772222222222223,7,,Chemin du Hallot,78200,78082
2892855,0780990438,1,26,Pylône tubulaire,48.95333333333333,2.1802777777777775,"31,1",LES BOIS ROCHEFORT,20 Rue des Renards,78500,78586
2892865,0782751116,1,23,Pylône autostable,48.922777777777775,2.0008333333333335,"27,9",,RTE DE QUARANTE SOUS - LA PORTE ROUGE,78630,78466
2899841,0780990263,2,26,Pylône tubulaire,48.78666666666666,2.149722222222222,31,,Rue du Pont Colbert,78350,78322
2899877,0782700564,3,17,Bâtiment,48.78916666666667,2.0413888888888887,34,,4 Mail des Bétulas,78180,78423
2901511,0782700568,1,38,Immeuble,48.82972222222222,1.9927777777777778,"23,8",,10 Rue de la pointe à l'angle,78450,78674
2902116,0782751119,1,26,Pylône tubulaire,48.996944444444445,1.7233333333333334,"26,3",,51 AV ANDRÉ LECOQ,78520,78335
2903716,0782700565,2,23,Pylône autostable,48.80138888888889,1.75,35,,"RUE DES CHENES, STADE DE LA BUTTE DES MOULINS",78940,78513
2903723,0782700573,1,23,Pylône autostable,48.96277777777778,1.9302777777777775,31,La cote,Chemin des Hauts des cotes,78130,78140
2904256,0782700572,1,17,Bâtiment,48.905277777777776,2.1405555555555553,16,,2  ALLEE DES AULNES,78400,78146
2904314,0782290110,2,4,Château d'eau - réservoir,48.940555555555555,2.1213888888888888,33,,7 RUE DES GRANDS CHAMPS,78600,78396
2904762,0780990384,2,23,Pylône autostable,48.97166666666667,1.788333333333333,32,,18 RUE DE SEINE,78440,78314
2906391,0780990442,1,17,Bâtiment,48.878055555555555,2.089166666666667,"26,4",,"1,7 Allee Edgar Degas",78160,78372
2907581,0780990441,1,38,Immeuble,48.76916666666666,1.9647222222222223,16,,12 Rue Louise Michel,78990,78208
2907953,0782700566,2,38,Immeuble,48.94611111111111,2.169722222222222,19,,3-7 rue Zacharie,78500,78586
2909182,0780990443,1,38,Immeuble,48.931666666666665,2.1838888888888888,"15,7",,120-122 boulevard henri barbusse,78800,78311
2909861,0780990444,1,38,Immeuble,48.99138888888889,1.8094444444444444,"14,6",CITE DES COUTURES,31 Rue Pierre Andre,78440,78267
2909863,0780990445,1,38,Immeuble,48.78916666666667,1.6111111111111112,"15,6",LES VIGNES,RUE DE LA VESGRE,78550,78310
2909865,0780990446,1,38,Immeuble,48.98305555555556,1.6933333333333334,"18,1",,9 Rue Victor Schoelcher,78200,78362
2909867,0780990447,1,38,Immeuble,48.97694444444445,1.7027777777777777,"16,5",,Place de l Esterel,78200,78362
2910506,0782290633,1,38,Immeuble,48.98027777777778,1.7052777777777777,34,Cité des Bates,29 Rue Louise Michel,78711,78362
2910973,0782700578,1,48,pylône arbre,48.986666666666665,2.0469444444444442,"30,2",LA JUSTICE,Chemin Rural SENTIER DES JUSTICES,78570,78015
2911600,0780990375,2,23,Pylône autostable,48.626666666666665,2.0283333333333333,40,LA JUSTICE,rue de Villevert,78830,78087
2912146,0780990448,3,26,Pylône tubulaire,48.81388888888888,2.0775,33,,2 Rue Guy Moquet,78210,78545
2918753,0780990449,2,23,Pylône autostable,48.96527777777778,1.6741666666666666,24,,Che de Rosny à Auffreville,78200,78354
2918757,0780990450,2,38,Immeuble,48.941111111111105,2.193333333333333,"26,6",,1 rue de saint exupéry,78500,78586
2921206,0780990451,1,17,Bâtiment,48.969722222222224,2.0733333333333337,"18,7",,3 RUE ALFRED KASTLER,78260,78005
2921208,0780990452,1,17,Bâtiment,48.969722222222224,2.0725000000000002,"18,7",,178 AVENUE DU GENERAL CHARLES DE GAULLE,78260,78005
2921320,0782700580,1,38,Immeuble,49.00416666666667,2.0905555555555555,15,,24 Boulevard du Général de Gaulle,78700,78172
2923647,0780990454,1,38,Immeuble,48.94638888888888,2.191111111111111,29,,Chemin Camille Pissarro,78500,78586
2927512,0780990455,1,23,Pylône autostable,48.73861111111111,1.9116666666666666,"19,9",,44 rue des Broderies,78310,78168
2929025,0780990456,1,38,Immeuble,48.876111111111115,2.140833333333333,"16,7",,42 rue des ponts,78290,78190
2930428,0780990457,1,38,Immeuble,48.80027777777777,2.0205555555555557,20,,3 SQ CALMETTE ET GUERIN,78390,78073
2932996,0780990460,1,38,Immeuble,48.986666666666665,1.9261111111111109,"20,5",,113 Av de la République,78130,78440
2932998,0780990461,1,38,Immeuble,48.82472222222223,1.9719444444444445,"32,5",,6 rue de l'Avre,78340,78165
2933000,0780990462,1,38,Immeuble,48.809999999999995,2.1419444444444444,"15,8",,46-44 rue albert joly,78000,78646
2935267,0780990463,2,26,Pylône tubulaire,48.98722222222222,1.8197222222222222,30,,1 Rue du Moulin à Vent,78440,78267
2937853,0780990464,1,17,Bâtiment,48.82611111111112,2.115555555555556,"18,4",,Allee des Comtesses,78150,78158
2939845,0780990465,2,23,Pylône autostable,48.96388888888889,1.5925000000000002,30,,Imp des Sources,78200,78385
2947453,0782751128,3,10,Tunnel,49.036944444444444,1.5916666666666668,9,,2 d route departementale 113,78840,78255
2948192,0780990467,2,26,Pylône tubulaire,48.75555555555555,2.080277777777778,25,,Avenue du golf,78280,78297
2949075,0780990468,1,38,Immeuble,48.93444444444444,2.1630555555555553,"17,2",,44 TER RUE LAMARTINE,78500,78586
2950242,0782700702,2,17,Bâtiment,48.980000000000004,1.9591666666666667,28,,6-12 rue Jean Zay,78480,78642
2953066,0782700704,2,48,pylône arbre,48.748333333333335,1.8808333333333334,36,LA PLAINE DE BEAUVAIS,CHEMIN DE BEAUVAIS,78690,78576
2954062,0782700539,2,48,pylône arbre,48.765277777777776,1.9119444444444444,31,,RUE DE MONTFORT,78310,78383
2955276,0780990469,2,23,Pylône autostable,48.98083333333334,1.7544444444444445,21,,104 Bd Pasteur,78520,78335
2956595,0782700706,1,23,Pylône autostable,48.759166666666665,1.9572222222222222,24,,26 Route Nationale 10,78320,78644
2956928,0782700705,2,23,Pylône autostable,48.79694444444444,1.9625,35,,AV DE CHEVREUSE,78370,78490
2957319,0780990470,2,26,Pylône tubulaire,48.95583333333334,1.863611111111111,32,LES HAUTS VERTS,Chemin les hauts vents,78410,78238
2958777,0780990471,1,23,Pylône autostable,48.98527777777778,1.6708333333333332,"31,8",LES GRAVIERS,A13,78200,78118
2959431,0781390002,1,17,Bâtiment,48.78638888888889,2.0747222222222224,5,Challenger,1 Avenue Eugène Freyssinet,78280,78297
2959572,0782751127,1,17,Bâtiment,48.928888888888885,2.145277777777778,12,,280 AV GABRIEL PERI,78360,78418
2962120,0782290642,1,38,Immeuble,48.801111111111105,2.022777777777778,14,,3B-3A  Rue Robespierre,78390,78073
2962938,0780990472,1,17,Bâtiment,48.98722222222222,1.9130555555555555,"20,7",,21 23 RUE DE BECHEVILLE,78130,78440
2964062,0782751130,1,48,pylône arbre,48.805277777777775,2.0619444444444444,"31,4",,1 AVENUE DU COLONEL FABIEN,78210,78545
2966515,0782751132,1,38,Immeuble,48.801944444444445,2.1475,"17,2",,23 R CHAMP LAGARDE,78000,78646
2969488,0782751134,4,26,Pylône tubulaire,49.03666666666666,1.708611111111111,25,LA CROIX MAURICE,CHEMIN DE LA FERME D'HERVILLE,78520,78567
2970693,0782751133,1,23,Pylône autostable,48.79666666666667,2.0997222222222223,30,,ALL DES MATELOTS,78000,78646
2973210,0782751135,1,38,Immeuble,48.876111111111115,2.1397222222222223,"19,1",,44 R DES PONTS,78290,78190
2973405,0782700712,1,26,Pylône tubulaire,48.72972222222222,2.081388888888889,30,,3 Rue de la Planète Bleue,78114,78356
2974554,0780990476,1,38,Immeuble,48.644999999999996,1.8311111111111111,"16,9",,6 rue sadi carnot,78120,78517
2975034,0782751137,1,48,pylône arbre,49.01111111111111,1.6955555555555555,"19,2",Stade de Follainville-Dennemon,5 R EMILE ZOLA,78520,78239
2975719,0782700562,2,48,pylône arbre,48.87222222222222,2.105,25,,RTE DE VERSAILLES,78560,78502
2976250,0780710002,1,39,Local technique,48.790277777777774,1.9627777777777777,5,,Colline d'élancourt,78990,78208
2976252,0780710003,1,42,Mât,48.78805555555555,1.963611111111111,3,,Colline d'Elancourt,78990,78208
2976254,0780710004,1,39,Local technique,48.786944444444444,1.9705555555555556,5,,Colline d'Elancourt,78990,78208
2976260,0780710005,1,17,Bâtiment,48.78805555555555,2.033333333333333,6,,1 rue Laurent Fignon,78180,78423
2976264,0780710006,1,42,Mât,48.751666666666665,2.068888888888889,3,,1 av du golf,78114,78356
2976266,0780710007,1,42,Mât,48.754444444444445,2.0763888888888893,3,,1 av du golf,78114,78356
2976268,0780710008,1,42,Mât,48.75111111111111,2.082777777777778,3,,1 av du golf,78117,78143
2989536,0780990289,2,17,Bâtiment,48.88138888888889,2.1077777777777778,14,,15-17-19 AVENUE DE SAINT GERMAIN,78560,78502
2989667,0782700713,1,38,Immeuble,48.83027777777778,1.938611111111111,"16,2",,2 Rue du Vieux Moulin,78370,78490
299175,0782290324,1,26,Pylône tubulaire,48.720555555555556,1.8827777777777779,30,,r de la tasse,78690,78220
2992464,0780990327,1,26,Pylône tubulaire,48.88666666666666,2.0769444444444445,18,,31 rue des Closeaux,78750,78367
2993073,0782700714,1,26,Pylône tubulaire,48.79083333333333,1.9672222222222224,18,,2 RUE ALAIN COLAS,78990,78208
2993318,0782290474,1,26,Pylône tubulaire,48.886944444444445,2.0772222222222223,"14,4",,33 rue des Closeaux,78750,78367
2993319,0782700246,1,17,Bâtiment,48.88666666666666,2.0772222222222223,14,,31 rue des Closeaux,78750,78367
2993619,0782700719,1,26,Pylône tubulaire,48.75,2.0786111111111114,25,LA PORTE DE MERANTAIS,proche de D36,78114,78356
2994445,0782290649,2,23,Pylône autostable,48.79611111111111,2.102777777777778,30,, Impasse des Matelots,78000,78646
2994585,0780990482,1,38,Immeuble,48.64555555555555,1.8241666666666667,"16,7",,5 Rue du Président Paul Doumer,78120,78517
2994621,0782751141,1,26,Pylône tubulaire,48.98416666666667,1.8038888888888889,"31,5",Stade Municipal,R PASTEUR,78440,78267
2996682,0780990473,1,26,Pylône tubulaire,48.766666666666666,1.9972222222222222,30,QUARTIER JEAN MACE,8 bis Rue Denis Papin,78190,78621
2998681,0782290651,1,17,Bâtiment,48.986111111111114,1.9347222222222222,"12,2",,"4, rue Baptiste Marcet",78130,78440
2998957,0782700720,1,26,Pylône tubulaire,48.75,2.071388888888889,25,LES TERRES DE MERANTAIS,AVENUE DE L'EUROPE,78114,78356
3003499,0780990484,2,26,Pylône tubulaire,48.843333333333334,2.015277777777778,26,LES GRAND MAISONS,3bis Chemin de Grand'Maisons,78450,78674
3004738,0782290653,1,38,Immeuble,48.80305555555555,2.1341666666666668,"24,7",,21 rue Jouvencel,78000,78646
3006485,0782751121,1,38,Immeuble,48.92166666666667,2.200555555555556,13,Houilles,119  BD JEAN JAURES,78800,78311
3010875,0782700721,1,38,Immeuble,48.987500000000004,1.9230555555555555,21,,13 Avenue Léon Blum,78130,78440
3011463,0780990485,1,26,Pylône tubulaire,48.985,1.8069444444444445,"31,5",LES BOUILLOIRS,38 Rue Louis Pasteur,78440,78267
3014399,0780990487,1,23,Pylône autostable,48.834722222222226,1.9430555555555555,"31,9",,70 rue de la gare,78370,78490
3016207,0782700722,2,23,Pylône autostable,48.948055555555555,2.026111111111111,24,LES MORIZETS,AVENUE DE L'EUROPE,78955,78123
3016854,0782751142,1,48,pylône arbre,49.015,1.7166666666666668,"19,3",,Rue DIDEROT,78520,78239
3017607,0780990488,1,38,Immeuble,48.89416666666666,2.089166666666667,"16,4",,42 rue Mareil,78100,78551
3017727,0782700724,1,26,Pylône tubulaire,48.768055555555556,1.978888888888889,"29,9",,56 Route de Chartres,78190,78621
3018715,0782700725,1,38,Immeuble,48.77583333333333,2.0477777777777777,"18,2",,18  Mail des Garennes,78280,78297
3028280,0782751145,1,26,Pylône tubulaire,48.92472222222222,2.152222222222222,"25,9",L'espérance,11 CHEM RURAL,78360,78418
3030211,0782700703,1,48,pylône arbre,48.96888888888889,1.9669444444444446,30,LES PERRONS,,78540,78643
3032571,0782700726,4,26,Pylône tubulaire,48.73277777777778,2.0141666666666667,36,BOIS AU DESSUS SAINT LAMBE,Chemin de la Messe,78470,78561
3032847,0782700727,2,23,Pylône autostable,48.965,2.057222222222222,24,LES BAUCHES,5 R DES MARAÎCHERS,78260,78005
3034935,0780466057,1,42,Mât,48.75944444444445,1.9583333333333333,22,,26 Route Nationale 10,78320,78644
3034937,0780466058,1,42,Mât,48.7725,1.9958333333333333,10,,7 Rue du Docteur Calmette,78190,78621
3034953,0780466059,1,42,Mât,48.77833333333333,2.0175,10,,2 Allée du Stade,78190,78621
3036075,0782290655,4,23,Pylône autostable,48.67444444444444,1.898611111111111,24,,Rue de la Vieille église,78610,78030
3043118,0780990491,1,38,Immeuble,48.77444444444444,2.049722222222222,"19,3",LES GARENNES,61 BOULEVARD BEETHOVEN,78280,78297
3043211,0782700731,1,38,Immeuble,48.9925,1.7316666666666667,"18,9",,38 BIS Rue Adrien Roelandt,78520,78335
3043741,0782700738,2,23,Pylône autostable,48.46666666666667,1.8247222222222221,36,LA FOSSE BLANCHE,CHEMIN RURAL DES CARRIÈRES,78660,78472
3047710,0782700734,1,23,Pylône autostable,48.99805555555556,1.821388888888889,30,LES ADAMNES,chemin de Oinville A Hanneucourt,78440,78267
3048072,0782290218,1,26,Pylône tubulaire,48.97527777777778,1.7752777777777777,25,LES GUIGNIERES,Proche de Stade Municipal de Porcheville,78440,78501
3048302,0782700732,1,23,Pylône autostable,48.72222222222222,2.0716666666666668,30,,CHEMIN RURAL N°12 DIT DE GOMBERVILLE,78470,78575
3048304,0782700733,1,26,Pylône tubulaire,48.98583333333333,1.8069444444444445,30,,Rue Pasteur,78440,78267
3049947,0782700428,2,17,Bâtiment,48.771388888888886,2.2258333333333336,"36,7",,1 R JEAN-PIERRE PEUGEOT,78140,78640
3050012,0782751148,1,38,Immeuble,49.00083333333333,1.6794444444444443,"27,1",,17 À 25 RUE BLERIOT,78200,78361
3050191,0782700736,1,38,Immeuble,48.763888888888886,2.0741666666666667,17,,15 rue Andréa Palladio,78280,78297
305346,0782700194,1,38,Immeuble,48.94027777777777,2.167777777777778,16,,"2-4, r jean mermoz",78500,78586
3055461,0780990493,1,38,Immeuble,48.82611111111112,1.9616666666666667,"14,8",QUARTIER DE L AVRE,239/241 rue pierre mendes france,78370,78490
3055922,0780990494,1,23,Pylône autostable,48.981388888888894,2.0788888888888892,30,,2 CHEMIN DES HAUTES PLAINES,78260,78005
305789,0782700283,1,38,Immeuble,48.80166666666666,2.1286111111111112,16,,"2, av de paris",78000,78646
3057967,0782290664,2,38,Immeuble,48.794999999999995,2.156388888888889,27,,"93 bis, rue Yves le Coz",78000,78646
3058468,0780990495,1,26,Pylône tubulaire,48.566944444444445,1.9877777777777779,"12,6",,Près de Le Grand Plessis,78730,78349
3070473,0782290497,1,26,Pylône tubulaire,48.95277777777778,2.0708333333333337,24,,50 RUE DE SAINT GERMAIN,78260,78005
3073625,0780990497,1,23,Pylône autostable,48.96388888888889,2.0552777777777775,24,,8 AVENUE WOLFGANG AMADEUS MOZART,78260,78005
3073940,0782700740,1,26,Pylône tubulaire,48.97944444444445,1.7297222222222224,30,,9  Rue de la Vaucouleurs,78711,78362
3076095,0782751152,1,38,Immeuble,48.89694444444444,2.0811111111111114,24,,33 RUE BERGETTE,78100,78551
3078233,0780990498,1,26,Pylône tubulaire,48.760555555555555,2.063055555555555,20,,3 rue rené caudron,78960,78688
3082903,0780990499,1,23,Pylône autostable,48.98388888888889,2.052222222222222,20,,8 AVENUE VICTOR SHOELCHER,78570,78015
3094511,0780250002,1,17,Bâtiment,48.77361111111111,2.011111111111111,16,,7 r teisserenc-de bort,78190,78621
3094786,0780990490,2,26,Pylône tubulaire,48.97277777777778,1.8633333333333335,42,Les Garennes Sud,Route de Renault,78410,78238
3099175,0780990501,1,38,Immeuble,48.93666666666666,2.1566666666666667,16,LES DIX ARPENTS,5 à 11 rue de la Liberté,78500,78586
3099177,0780990502,1,38,Immeuble,48.79972222222222,2.1419444444444444,"20,5",,2 rue antoine coypel,78000,78646
3103088,0780990504,1,17,Bâtiment,48.95722222222223,2.0672222222222225,18,,34 AVENUE DE POISSY,78260,78005
3104661,0782751154,1,23,Pylône autostable,48.98888888888889,1.7533333333333334,"15,5",,18 RUE JEAN-PIERRE TIMBAUD,78520,78335
3108944,0782650155,1,23,Pylône autostable,48.89666666666667,1.6805555555555554,"47,3",La Valette,,78790,78591
3109099,0782650151,3,23,Pylône autostable,48.89666666666667,1.6805555555555554,"47,3",La Valette,,78790,78591
311180,0780030588,1,38,Immeuble,48.77111111111111,2.070555555555556,11,,14 rue Ambroise CROIZAT,78280,78297
311182,0780030591,1,42,Mât,48.975833333333334,1.9841666666666666,13,,9 r paul doumer,78540,78643
311276,0782750621,1,38,Immeuble,48.779444444444444,2.2144444444444447,23,,24 AV DE L'EUROPE,78140,78640
3115363,0780990505,1,38,Immeuble,48.93833333333333,2.0591666666666666,"33,7",,117 rue Saint Sebastien,78300,78498
3116161,0780990506,2,23,Pylône autostable,48.99916666666667,2.011111111111111,"42,5",,3 CHEMIN DE L'ECOLE,78510,78624
3117733,0782751156,1,17,Bâtiment,49.00361111111111,2.108888888888889,20,,126 AV MARECHAL FOCH,78700,78172
3118134,0782751157,1,26,Pylône tubulaire,48.80166666666666,2.007222222222222,24,,4 RUE GEORGES MELIES,78390,78073
3122294,0780990507,1,17,Bâtiment,48.85388888888889,2.136388888888889,"14,5",,108 AV JEAN MOULIN,78170,78126
3122827,0780990064,2,38,Immeuble,48.99944444444444,1.7430555555555556,"17,4",,1-2-3 allée d'Alembert,78520,78335
312429,0782290330,1,26,Pylône tubulaire,48.7625,1.975277777777778,20,,65b av george politzer,78990,78208
312446,0780030596,1,17,Bâtiment,48.849444444444444,2.15,9,,pl berthet,78170,78126
3126848,0782751158,1,26,Pylône tubulaire,48.99277777777778,2.100277777777778,30,,1 R DE STALINGRAD,78700,78172
3129965,0782751160,1,26,Pylône tubulaire,48.80444444444444,1.8530555555555557,30,FERME DE ST AUBIN,N12 / GR 1,78640,78443
3131225,0782290668,2,26,Pylône tubulaire,48.83527777777778,1.9430555555555555,36,,68  rue de la gare,78370,78490
3132246,0782290669,2,23,Pylône autostable,49.01027777777778,1.972777777777778,30,,29 Chemin des Valences,78740,78638
3135631,0782751162,1,38,Immeuble,48.92972222222222,2.194444444444444,19,,26 R DESAIX,78800,78311
3135651,0782751161,1,23,Pylône autostable,48.94638888888888,1.988611111111111,36,SOUS LE BOSQUET,R DE MÉDAN,78670,78672
316742,0782290338,1,17,Bâtiment,48.919999999999995,2.019722222222222,30,,33  r du champ gaillard,78300,78498
3171540,0782290670,2,26,Pylône tubulaire,48.96388888888889,2.0413888888888887,"32,8",,Rue Marie Jane Pruvot,78570,78015
3171566,0780990511,1,23,Pylône autostable,49.047777777777775,1.481388888888889,"30,7",,RUE DU PONT,78270,78068
3184663,0780990514,2,26,Pylône tubulaire,48.790277777777774,2.1352777777777776,25,,Rue de la Porte de Buc,78000,78646
3185868,0780990515,1,38,Immeuble,48.901111111111106,2.155,18,,13 à 15 Avenue Claude Monet,78400,78146
3189165,0782751165,1,38,Immeuble,48.78361111111111,2.043611111111111,"36,2",,45 AVENUE DU CENTRE,78180,78423
3189387,0780990516,1,23,Pylône autostable,48.945277777777775,1.7283333333333335,"24,6",LE MURGET DES MARGUERITES,Route de la liberation,78930,78291
3189389,0780990517,1,38,Immeuble,48.87222222222222,2.0961111111111115,14,,34 bis rue de fontenelle,78160,78372
3191002,0782751155,1,26,Pylône tubulaire,48.902499999999996,2.176388888888889,24,GOLF CLUB,ÎLE FLEURIE,78420,78124
3195466,0782751166,1,17,Bâtiment,48.69333333333333,2.0625,"26,1",DOMAINE DE ST-PAUL,102 route de Limours,78470,78575
3195592,0782751167,1,26,Pylône tubulaire,48.943888888888885,1.6833333333333333,25,,RUE DES NOUES,78930,78647
3199064,0782751168,1,38,Immeuble,48.984722222222224,1.6969444444444444,"14,9",,1-5 RUE DE CHERBOURG,78711,78362
3205089,0780990518,1,38,Immeuble,48.86805555555556,2.093055555555556,14,,20 rue Franc Sergent,78160,78372
3217042,0782751170,1,38,Immeuble,48.82611111111112,2.131666666666667,18,,15 R DU DOCTEUR AUDIGIER,78150,78158
3228798,0780990349,2,23,Pylône autostable,48.994166666666665,1.9558333333333333,30,,4 Che du Rouillard,78480,78642
3229054,0782290678,1,38,Immeuble,48.8875,2.0983333333333336,"34,8",,Allée de Normandie,78230,78481
3229229,0782290679,2,38,Immeuble,49.00333333333333,1.69,"54,8",,2 Rue Christophe Colomb,78200,78361
3236473,0782700749,1,26,Pylône tubulaire,48.993611111111115,2.1,30,,1 Rue de Stalingrad,78700,78172
3236801,0780990519,1,38,Immeuble,48.973333333333336,2.0277777777777777,"21,5",,3 place de l'été vert,78570,78138
3238865,0782751171,1,26,Pylône tubulaire,49.00194444444445,1.6761111111111109,"31,6",,LES HAUTES GARENNES,78200,78361
3244660,0780990520,1,17,Bâtiment,48.82055555555556,1.9883333333333333,"19,9",,2 RUE HENRI PROU,78340,78165
3248106,0782751169,1,38,Immeuble,48.99305555555556,1.903611111111111,"17,3",,1 R PAUL CURIEN,78130,78440
3261371,0780990521,1,17,Bâtiment,48.82333333333334,1.9922222222222223,"14,4",,32 AV DU COMMERCE,78340,78165
3264441,0782290680,2,38,Immeuble,48.77833333333333,1.9913888888888889,"44,6",,3 Sq Maurice Thorez,78190,78621
3272065,0780990522,1,17,Bâtiment,48.76722222222222,2.0394444444444444,"22,4",,47 BOULEVARD DESCARTES,78180,78423
3285608,0782700472,1,26,Pylône tubulaire,48.76638888888889,2.026388888888889,26,,Rue Henri Cochet,78180,78423
3289909,0780990523,1,38,Immeuble,48.8675,2.133888888888889,"17,2",LES LIONS,29/34 quai Boissy d Anglas,78380,78092
3289911,0780990524,1,23,Pylône autostable,48.743611111111115,2.044722222222222,"29,4",,7 rue Paul et Jeanne Weiss,78114,78356
3290196,0780034070,1,23,Pylône autostable,48.9225,2.0025,25,,CHEM FAUVEAU SITE U A14 PK 20.4,78630,78466
3290346,0780034119,1,19,Monument historique,48.80138888888889,2.13,45,,"4, av de paris",78000,78646
3290633,0782290682,1,23,Pylône autostable,48.816111111111105,1.8808333333333334,24,,9 rue de la Gare,78640,78683
3295364,0780990525,2,48,pylône arbre,48.858333333333334,2.109166666666667,35,,8 Allee de la Pagerie,78430,78350
329685,0782290363,1,23,Pylône autostable,48.68194444444444,2.0105555555555554,15,LA FERTE,,78460,78162
3297515,0780034016,1,17,Bâtiment,48.82666666666667,1.961111111111111,24,,"13, pl du commerce",78370,78490
3297517,0780034017,1,17,Bâtiment,48.82666666666667,1.9608333333333332,24,CC MON GRAND PLAISIR,"1170, Avenue de Saint-Germain",78370,78490
3297519,0780034024,1,17,Bâtiment,48.93944444444444,2.1219444444444444,15,,RUE DES GRANDS CHAMPS,78600,78396
3297521,0780034060,1,38,Immeuble,48.95333333333333,2.0166666666666666,15,,1 Chemin de la Californie,78510,78624
3297523,0780034088,1,17,Bâtiment,48.948611111111106,2.179722222222222,20,,"90, r de la garenne",78500,78586
3297525,0780034090,1,17,Bâtiment,48.940555555555555,2.157222222222222,10,,19 rue Henri Dunant,78500,78586
3297710,0782290684,1,17,Bâtiment,48.79694444444444,2.064722222222222,15,,2 rue Emile Zola,78210,78545
3297756,0782290685,1,38,Immeuble,48.779444444444444,1.9780555555555557,16,,306 Square Auguste Renoir,78190,78621
3298382,0780990527,1,23,Pylône autostable,49.01416666666667,1.6894444444444445,30,,Rue de Guernes,78520,78239
3299540,0780990528,1,10,Tunnel,48.905833333333334,2.056388888888889,7,LE FOSSE D HENNEMONT,A14,78100,78551
3299542,0780990529,1,10,Tunnel,48.909166666666664,2.0763888888888893,9,,A14 PROCHE ROUTE DES PRINCES,78100,78551
3299544,0780990530,1,10,Tunnel,48.909444444444446,2.079166666666667,9,,A14 PROCHE ROUTE DU PAVILLON CHINOIS,78100,78551
3299546,0780990531,1,10,Tunnel,48.91638888888889,2.1147222222222224,9,LE CLOS DU MESNIL,A14,78600,78396
330082,0782290365,1,48,pylône arbre,48.99444444444445,1.8141666666666667,15,,r des groux,78440,78267
3301565,0782751175,2,48,pylône arbre,48.64944444444444,1.8691666666666666,30,,72 RUE DE L'ETANG DE LA TOUR,78120,78517
3301568,0780990532,2,17,Bâtiment,48.999722222222225,1.6844444444444444,"55,4",,7 rue Pierre de Ronsard,78200,78361
3302156,0780034093,1,38,Immeuble,48.85027777777778,2.1441666666666666,20,,"1, av auguste dutreux",78170,78126
3302158,0780034153,1,17,Bâtiment,48.92833333333333,2.0391666666666666,11,,"17, r de l abbaye",78300,78498
3302160,0780034154,1,17,Bâtiment,48.92805555555555,2.0391666666666666,13,,"17, r de l Abbaye",78300,78498
3302162,0780034157,1,17,Bâtiment,48.78527777777778,2.2150000000000003,12,,"2, Rue Marcel Dassault",78140,78640
3302166,0780034233,1,17,Bâtiment,48.97833333333333,2.0302777777777776,12,,37 rue du General Leclerc,78570,78138
3302168,0780034236,1,17,Bâtiment,48.78444444444444,2.0947222222222224,6,,"19, all des marronniers",78000,78646
3302170,0780034238,1,39,Local technique,48.98833333333334,1.7633333333333334,3,,"5, r de rouen",78440,78501
3302172,0780034239,1,17,Bâtiment,48.98777777777778,1.763611111111111,12,,"4, r de rouen",78440,78501
3302407,0780034278,2,17,Bâtiment,48.788888888888884,2.0441666666666665,23,,"21, Place de Wicklow",78180,78423
3302923,0780034232,1,17,Bâtiment,48.975,2.03,9,,13 R EDOUARD LEGRAND,78570,78138
3304536,0782751174,1,38,Immeuble,48.80027777777777,2.02,"18,2",,4 SQ CALMETTE ET GUERIN,78390,78073
3308224,0780034259,1,17,Bâtiment,48.788888888888884,2.055833333333333,18,,"83, BOULEVARD DES CHENES",78280,78297
3308226,0780034261,1,11,Mât béton,48.73888888888889,2.0988888888888892,3,La Croix de la Justice,"1, rue des graviers",91400,78143
3308232,0780034281,1,17,Bâtiment,48.75416666666667,2.0758333333333336,12,Ecole Gen. et Technol. Privée Institut FFGolf Haut Niveau,"2, Avenue du Golf",78280,78356
3308234,0780034284,1,17,Bâtiment,48.805,2.1216666666666666,"23,5",,Chateau de Versailles - Aile Gabriel,78000,78646
3313041,0780034264,2,17,Bâtiment,48.52861111111111,1.826111111111111,"16,5",ZA Ablis-Nord,Lidl Direction régionale,78660,78506
3313206,0780034287,1,39,Local technique,48.77861111111111,2.1963888888888885,3,,"23, Rue General Valerie Andre",78140,78640
3313210,0780034291,1,17,Bâtiment,48.94083333333333,2.0594444444444444,3,,"81, Rue Saint Sebastien",78300,78498
3313212,0780034294,1,42,Mât,48.78777777777778,2.0441666666666665,7,Gare de St Quentin en Yvelines,1 Place Charles de Gaulle,78180,78423
3313216,0780034302,1,17,Bâtiment,49.01,2.1208333333333336,10,,"38, Rue des Grandes Terres",78700,78172
3313218,0780034306,1,17,Bâtiment,48.77833333333333,2.0069444444444446,3,,"39, Avenue Paul Vaillant-Couturier",78190,78621
3313220,0780034308,1,39,Local technique,48.72972222222222,1.698888888888889,3,,"14, ROUTE DE SAINT LEGER",78113,78171
3313222,0780034309,1,17,Bâtiment,48.72916666666667,1.6977777777777778,6,,"14, ROUTE DE SAINT-LEGER",78113,78171
3313224,0780034310,1,17,Bâtiment,48.728611111111114,1.6980555555555557,6,,"14, ROUTE DE SAINT LEGER",78113,78171
3313226,0780034311,1,42,Mât,48.73027777777778,1.701111111111111,4,,"14, ROUTE DE SAINT LEGER",78113,78171
3313228,0780034312,1,42,Mât,48.724722222222226,1.6958333333333333,4,MANOIR DU ROUVRAY,"14, RTE DE SAINT-LEGER",78113,78171
3313230,0780034316,1,17,Bâtiment,48.97916666666667,2.0741666666666667,3,,Chemin des Basses Plaines,78260,78005
3313232,0780034319,1,17,Bâtiment,48.769999999999996,2.0375,10,,"66, Rue de la Mare aux Carats",78180,78423
3313234,0780034320,1,17,Bâtiment,48.99,1.6669444444444443,8,,Rue du Béarn,78710,78118
3313236,0780034323,1,17,Bâtiment,48.78472222222222,1.9736111111111112,40,ZAI DES BRUYERES,9 AV JP TIMBAUD,78190,78621
3313240,0780034325,1,17,Bâtiment,48.9825,1.8591666666666669,10,,Bd Pierre Lefaucheux,78410,78238
3313452,0780034288,2,38,Immeuble,48.778888888888886,2.1966666666666663,"9,5",,"23, Rue General Valerie Andre",78140,78640
3314613,0780990291,2,17,Bâtiment,48.88944444444444,2.1552777777777776,"16,9",,37 avenue du Maréchal Foch,78400,78146
3314628,0780990537,1,17,Bâtiment,48.98527777777778,1.746388888888889,"19,3",,53 Place Maximilien Robespierre,78520,78335
3316709,0780990538,1,38,Immeuble,48.90138888888889,2.0700000000000003,"17,4",,82 RUE PEREIRE,78100,78551
3320051,0782751177,1,38,Immeuble,48.93555555555555,2.196944444444444,16,,56 R AMBROISE CROIZAT,78800,78311
3320239,0782751176,1,23,Pylône autostable,48.81166666666666,1.86,"24,5",La Joue,,78640,78443
3320711,0780034326,1,17,Bâtiment,48.99666666666667,1.6774999999999998,15,,16 rue Gutenberg,78200,78361
3329178,0782751178,1,38,Immeuble,48.82055555555556,1.988611111111111,"18,6",,4 R HENRI PROU,78340,78165
3331008,0780990508,2,38,Immeuble,48.901666666666664,2.0413888888888887,"14,9",,26 - 30 allée de la Sente Noire,78240,78133
3335382,0782700752,1,23,Pylône autostable,48.61055555555556,1.7361111111111112,30,LE FLEAU,Route d'Emancé,78125,78557
333561,0782700301,1,38,Immeuble,48.805277777777775,2.1422222222222222,"18,5",,6 r de montreuil,78000,78646
3343123,0782750997,1,26,Pylône tubulaire,49.005833333333335,1.9261111111111109,"37,4",,30 boulevard Adolphe Thiers,78250,78401
3343532,0782290688,1,23,Pylône autostable,48.80833333333333,2.0105555555555554,36,LES VIGNES,30 Impasse Orane Demazis,78390,78073
3343958,0782700516,2,23,Pylône autostable,48.983333333333334,1.678611111111111,31,,RUE JEAN LOUIS SCIALLOUX,78200,78118
3352185,0782700057,1,17,Bâtiment,48.92444444444444,2.0483333333333333,"44,7",,48-52 Avenue Fernand Lefèbvre,78300,78498
3356623,0780990405,2,23,Pylône autostable,48.993611111111115,1.9258333333333333,"26,5",,62 rue Pierre Curie,78130,78440
336549,0780030634,1,17,Bâtiment,48.79361111111111,1.5983333333333334,15,,42 r de paris,78550,78310
345176,0782750657,1,38,Immeuble,48.78527777777778,2.058333333333333,"19,2",,3 ROND POINT DES SAULES ,78280,78297
345885,0782290383,1,17,Bâtiment,49.00083333333333,1.6308333333333334,12,,2 r lebaudy,78710,78531
348249,0782700292,1,26,Pylône tubulaire,48.79944444444444,1.9905555555555556,32,LE PUITS AU LOUP,ECHANGER RN12 SORTIE ELANCOURT,78340,78165
348967,0780030645,1,17,Bâtiment,48.77916666666667,2.2191666666666667,20,,av de l europe,78140,78640
349577,0782290384,1,10,Tunnel,48.91277777777778,2.1725,8,,entre la route st germain et r des vignes blanches,78420,78124
350369,0782700271,1,17,Bâtiment,48.770833333333336,2.1475,"13,2",,100 R CHARLES DE GAULLE,78350,78322
352005,0782290385,1,17,Bâtiment,48.85416666666667,2.136111111111111,21,,106 av jean moulin,78170,78126
358173,0782290395,1,17,Bâtiment,48.98888888888889,1.8955555555555554,18,,109 r jean mermoz,78130,78440
365559,0780030651,1,17,Bâtiment,48.894444444444446,2.1347222222222224,18,,60 BD CARNOT,78110,78650
365561,0780030652,1,17,Bâtiment,48.74388888888889,2.0625,17,,2 r ernest chausson,78114,78356
365563,0780030653,1,17,Bâtiment,48.96,1.855,10,,r Gaston Jouillerat,78410,78029
367360,0780030656,1,38,Immeuble,48.79805555555556,1.9711111111111113,23,,1 BD JEAN MOULIN,78990,78208
377082,0780160005,1,17,Bâtiment,48.89416666666666,2.164722222222222,8,Ecluses/Ile de Chatou,,78400,78146
377762,0780160004,1,17,Bâtiment,48.87,2.1302777777777777,"5,5",Ecluses,17 ile de la loge,78380,78092
377774,0780160001,1,17,Bâtiment,48.9775,2.0616666666666665,8,Ecluses/ile peygrand,,78570,78015
377788,0780160003,1,17,Bâtiment,49.02861111111111,1.6169444444444445,12,Ecluse,Grande rue,78270,78391
40209,0782700052,1,38,Immeuble,48.791666666666664,2.1463888888888887,27,Porchefontaine,"3 , r du pont colbert",78000,78646
40467,0782700183,2,38,Immeuble,48.78111111111111,2.1963888888888885,34,,24 pl Louvois,78140,78640
434808,0782290412,1,23,Pylône autostable,48.98305555555556,1.7575,28,,Ave du Val,78520,78335
435203,0782290011,12,24,Pylône haubané,48.91583333333333,1.9002777777777777,83,le Chemin de Maule,R de Maule,78580,78010
435210,0782290258,1,17,Bâtiment,48.82277777777778,1.9947222222222223,19,,8 all de la gare,78340,78165
435366,0780220039,4,26,Pylône tubulaire,48.57777777777778,1.735,38,Le Bois des Plants,chem rural 1,78125,78209
435922,0782290093,4,23,Pylône autostable,48.696666666666665,1.848888888888889,50,,14 r de Houdan,78610,78486
436667,0782700004,3,4,Château d'eau - réservoir,48.835,2.145,"49,6",Les Hubies,Foret de Fausse Repose,78150,78158
436673,0782290263,3,38,Immeuble,48.93805555555555,2.1805555555555554,"21,5",,113 r gabriel peri,78500,78586
437034,0782750256,1,38,Immeuble,48.94,2.015,"20,5",,340 r des Écoles,78955,78123
437363,0782700274,3,48,pylône arbre,48.941111111111105,1.871388888888889,37,,CARREFOUR DE LA HAUTE BORNE,78580,78049
437447,0780220057,4,23,Pylône autostable,48.76861111111111,1.783611111111111,52,LA PATURE DE GROSROUVRE,RD 138,78490,78289
437711,0782700121,3,23,Pylône autostable,48.62555555555556,1.7694444444444444,35,,CHEM DE LA GAUDE À LA MONNERIE,78125,78269
437760,0782290184,4,4,Château d'eau - réservoir,48.50666666666667,1.9183333333333332,33,Bois des Bouleaux,La Vieille Tour Ruine,78660,78564
438503,0782750414,2,48,pylône arbre,48.968611111111116,1.9663888888888887,30,LES PERRONS,,78540,78643
438547,0782750318,2,23,Pylône autostable,48.992222222222225,1.8461111111111113,21,,AV DE LA GARE,78820,78327
438816,0782290382,5,4,Château d'eau - réservoir,48.94583333333333,2.1302777777777777,42,,54 r du Tir,78600,78358
438819,0782290413,4,23,Pylône autostable,48.845,1.8727777777777779,29,vallée de l'âne,chem de fleubert,78650,78062
439424,0780130073,8,4,Château d'eau - réservoir,48.56638888888889,1.9430555555555555,48,Vallée Boulon,Rue du Beauluisant,78730,78537
439613,0780220018,3,23,Pylône autostable,48.993611111111115,1.6805555555555554,50,,r des closeaux,78200,78361
439887,0782290256,2,38,Immeuble,48.973333333333336,1.6913888888888888,20,,r de la Marniere,78200,78354
439909,0780220040,4,23,Pylône autostable,48.993611111111115,1.625,31,,Chem rural des Hautes Perruches,78710,78531
440167,0782290145,3,17,Bâtiment,48.687777777777775,2.0605555555555553,55,,102 Rte de Limours,78470,78575
440208,0782700090,2,31,Silo,48.80361111111111,1.8147222222222223,"30,2",La Fossette,RTE DE LA BARDELLE ,78490,78389
440548,0782290139,3,20,Monument religieux,48.882222222222225,1.8616666666666668,34,,R du Bout de la Marre,78124,78415
440799,0782290415,1,17,Bâtiment,48.83777777777778,2.1005555555555557,13,,Domaine de Voluceau,78150,78158
442104,0782290252,7,23,Pylône autostable,48.65861111111111,1.8419444444444446,54,,R LOUIS GOUSSON,78120,78517
442411,0780030726,1,20,Monument religieux,48.86666666666667,2.093055555555556,15,,PL VICTORIEN SARDOU ,78160,78372
442524,0782700212,2,38,Immeuble,49.01361111111111,2.088888888888889,31,,R DES AMBASSADEURS,78700,78172
443355,0782700048,3,4,Château d'eau - réservoir,48.85444444444445,1.8191666666666666,47,,r des châtaigniers,78770,78364
446132,0782750370,2,26,Pylône tubulaire,48.96666666666667,1.6880555555555556,28,,R GRAVIERS,78200,78354
446139,0782750675,1,38,Immeuble,48.99444444444445,1.9141666666666666,"37,7",,23 R PAUL RAOUL,78130,78440
448276,0782750598,1,26,Pylône tubulaire,48.818333333333335,1.903611111111111,25,,R DU STADE,78640,78442
450314,0780220005,6,4,Château d'eau - réservoir,48.79944444444444,1.7033333333333334,60,Les Quatre Piliers,RN 12,78950,78263
450498,0782290379,5,38,Immeuble,48.82638888888889,2.125,29,Quartier Parly 2,9 r Potier,78150,78158
450502,0782290106,4,26,Pylône tubulaire,48.79861111111111,1.5980555555555558,36,Saint-Mathieu,rue St-Mathieu,78550,78310
451343,0782700062,4,31,Silo,49.0025,1.8977777777777778,42,,37 BD MICHELET,78250,78299
451755,0782290072,3,4,Château d'eau - réservoir,48.89111111111111,1.6652777777777776,44,Devant les Portes de Courgent,r du château d'eau,78790,78185
452024,0780220067,1,4,Château d'eau - réservoir,49.01694444444444,1.71,56,,r de bel-air,78520,78239
452029,0782290419,3,38,Immeuble,48.86527777777778,2.0900000000000003,33,Les Délices,1 place Victorien Sardou,78160,78372
452226,0782750515,4,4,Château d'eau - réservoir,48.63361111111111,1.9427777777777777,41,La Villeneuve,Près D.72,78720,78125
453351,0782290301,4,23,Pylône autostable,48.904444444444444,1.8497222222222223,40,St Jacques,chem rural n°44 des longues raies,78580,78380
457800,0782700054,4,23,Pylône autostable,48.73583333333333,1.8383333333333334,30,Les Plainvaux,chem rural n° 6 de la mare colin,78610,78108
458088,0780030731,1,17,Bâtiment,48.62777777777778,1.8286111111111112,10,,10 r d orphin,78120,78517
458122,0782750001,1,23,Pylône autostable,48.97277777777778,2.043333333333333,38,,R SALVADOR ALLENDE,78570,78015
458152,0780220058,4,31,Silo,49.074444444444445,1.5130555555555556,26,,chem du ponceau - le grand val,78270,78320
459743,0782290197,2,38,Immeuble,48.78388888888889,2.168611111111111,32,,4-6 R de la Division Leclerc,78140,78640
460412,0782290390,4,4,Château d'eau - réservoir,48.788333333333334,2.124722222222222,40,,Résérvoir de Satory,78000,78646
460700,0782700195,3,4,Château d'eau - réservoir,48.995,1.6994444444444445,29,,111 R DE LA LIBERTÉ,78200,78361
460852,0780300050,4,4,Château d'eau - réservoir,48.55583333333333,1.9191666666666665,65,la Terre du Mesnil,Chateau Domaniale du Breau,78730,78499
461720,0782290234,9,23,Pylône autostable,48.88944444444444,2.0844444444444448,44,,N13 au sud,78100,78551
461724,0782290272,4,17,Bâtiment,48.98972222222222,1.7177777777777778,23,,3 r cadotte,78200,78361
461731,0782750068,1,26,Pylône tubulaire,48.78638888888889,2.1533333333333333,38,,PONT COLBERT ,78000,78646
462000,0782750235,3,38,Immeuble,48.77472222222222,1.9825000000000002,"32,6",,10B sq henri wallon,78190,78621
463604,0782290089,3,26,Pylône tubulaire,48.6975,2.0327777777777776,32,Les Charbonniers,RTE DE CHOISEL,78460,78160
463678,0782290297,4,23,Pylône autostable,49.02194444444444,1.9058333333333333,"25,7",ERMITAGE DU CLOS VIGNY,chem de meulan à magny en vexin,78250,78261
465314,0782700056,4,38,Immeuble,48.976111111111116,1.985,"44,1",,74 A ALL DES RÉSÉDAS,78540,78643
465422,0782750636,5,23,Pylône autostable,48.66888888888889,1.8686111111111112,40,LA PATTE D'OIE,IMP DE CLERAMBAULT,78125,78655
465428,0780220069,4,26,Pylône tubulaire,49.038888888888884,1.6066666666666667,29,LA CROIX DU MOULIN,,78840,78255
465955,0782290373,2,10,Tunnel,48.79833333333333,1.9133333333333333,"5,8",,R DE CHATEAU VILAIN - N 12 - TUN DE PONTCHARTRAIN,78760,78321
465998,0782700158,2,4,Château d'eau - réservoir,48.98361111111111,1.8047222222222223,45,,R DU MONTOIR,78440,78267
466815,0782290201,1,32,"Ouvrage d'art (pont, viaduc)",48.836111111111116,2.088611111111111,9,,PMV Sirius - A12 PK 1.4 - sens Province-Paris,78870,78043
466885,0782700269,1,26,Pylône tubulaire,48.82777777777778,1.9755555555555557,20,,"16, r des dames",78340,78165
467036,0782290406,4,4,Château d'eau - réservoir,49.03444444444444,1.5675,"54,8",Bois Cahue,ZI - RN 13,78270,78089
467109,0782290128,4,23,Pylône autostable,48.73361111111111,2.001388888888889,39,LA BROSSE,Sente rurale n°2 de la vallée de Misère,78470,78561
46722,0782750355,1,23,Pylône autostable,48.970555555555556,1.7722222222222221,62,,"63, 65 R DE LA GRANDE REMISE DES VOYERS",78440,78501
467551,0780130075,7,33,Tour hertzienne,48.66361111111111,1.746388888888889,83,LA GROSSE HAIE,chem des corniers,78125,78497
468633,0782290280,4,4,Château d'eau - réservoir,48.641666666666666,2.0055555555555555,"39,9",,r du clos clément,78830,78120
468658,0782700278,4,23,Pylône autostable,48.83777777777778,1.9005555555555556,"27,5",,r de la vallée d'yart,78640,78550
469502,0782700182,3,38,Immeuble,48.79694444444444,2.136388888888889,"28,4",,7 r des chantiers,78000,78646
469607,0782750018,1,38,Immeuble,48.92722222222222,2.189722222222222,23,,19 B R BLAISE PASCAL,78800,78311
469766,0782750248,3,4,Château d'eau - réservoir,48.973055555555554,1.8472222222222223,41,ELISABETHVILLE,BD DE LA RÉPUBLIQUE,78410,78029
469782,0782290265,1,23,Pylône autostable,48.70583333333334,2.0555555555555554,28,,r fabre d'eglantine,78460,78160
469800,0782700060,2,23,Pylône autostable,48.79666666666667,2.100277777777778,29,,1 r lucien sergent,78000,78646
471957,0782290115,4,4,Château d'eau - réservoir,48.56888888888889,1.7672222222222222,34,Haute Maison,r du château d'eau,78125,78470
472961,0782290422,1,48,pylône arbre,48.831388888888895,1.8683333333333334,27,Le Pavillon,chem du petit noyer,78640,78443
473420,0780300007,7,23,Pylône autostable,48.78861111111111,1.9716666666666667,56,Butte de la Revanche,ZI des Bruyères,78990,78208
474246,0782700191,3,38,Immeuble,48.97666666666667,1.9158333333333333,"45,4",,11 ALL GEORGES BIZET,78130,78440
475297,0782750447,2,31,Silo,48.94277777777778,1.5430555555555554,"27,8",,18 AV NOEL DUCHESNE,78980,78107
476568,0782290170,1,38,Immeuble,48.75833333333333,1.9663888888888887,45,,1 Rés. du Bois de l Etang,78320,78644
477651,0782290273,4,23,Pylône autostable,48.96472222222223,1.8102777777777779,40,,ZI Les Ardilles,78680,78217
478623,0782750028,1,38,Immeuble,48.94499999999999,2.2013888888888893,61,,1 R MAURICE AUDIN,78500,78586
480664,0782700009,9,23,Pylône autostable,48.698611111111106,2.0555555555555554,43,BOIS DE VESSERY,CHEM RURAL NO 22,78460,78160
482251,0782290214,1,38,Immeuble,48.78138888888889,2.046111111111111,35,,43 bd  vauban,78280,78297
482255,0782290241,1,23,Pylône autostable,48.85444444444445,1.9155555555555555,"20,1",Les Fontenelles,chem rural n° 39,78850,78615
482505,0782290424,1,10,Tunnel,48.90972222222222,2.081944444444445,10,,Rte de la Mare de Poissy,78100,78551
483246,0782750680,1,10,Tunnel,48.97777777777778,1.7108333333333332,"6,6",,98 R MAURICE BERTEAUX,78711,78362
483343,0782290168,4,49,"Ouvrage de signalisation (portique routier, panneau routier)",48.88361111111111,2.013888888888889,7,,A13 sens Province-Paris,78810,78233
483465,0782290202,4,49,"Ouvrage de signalisation (portique routier, panneau routier)",48.84861111111111,2.0733333333333337,"9,9",,"A.13 - PK 14,6 - Sens Rouen/Paris",78870,78043
483525,0782050002,2,26,Pylône tubulaire,48.842222222222226,2.093611111111111,30,A13/Triangle de Rocquencourt,cei relais de l'a,78870,78043
485154,0782050001,7,26,Pylône tubulaire,48.915277777777774,2.077777777777778,66,Camp des Loges,R du Président Kennedy,78100,78551
486253,0782290425,4,23,Pylône autostable,48.84,2.1097222222222225,41,,Rte de Versailles,78150,78158
492824,0782750460,1,17,Bâtiment,48.808055555555555,2.046111111111111,12,,"35, 37 AV DE LA REPUBLIQUE",78330,78242
492931,0782700108,2,32,"Ouvrage d'art (pont, viaduc)",48.79944444444444,1.7466666666666668,"7,5",BOIS DE LA COUARDE,R DE LA COUARDE - N.12,78940,78513
493550,0780300044,1,38,Immeuble,48.99333333333333,1.913611111111111,40,,27 r paul raoult,78130,78440
494654,0782700198,1,38,Immeuble,48.78444444444444,1.9808333333333334,32,,6 sq albert camus,78190,78621
501074,0780030754,1,17,Bâtiment,48.781666666666666,2.1505555555555556,15,,GOLF DE LA BOULIE,78350,78322
507483,0782700241,2,23,Pylône autostable,48.754444444444445,1.8572222222222223,40,,r des patis,78690,78576
508208,0782290249,5,23,Pylône autostable,49.025277777777774,1.5936111111111113,30,Les Coutumes,Domaine du Galicet,78840,78255
509560,0782750283,1,23,Pylône autostable,48.84305555555556,2.103888888888889,32,,68 RTE DE VERSAILLES,78430,78350
510791,0782700220,2,23,Pylône autostable,48.713055555555556,2.097777777777778,47,,chem aigrefoin,78470,78575
510835,0782700247,2,48,pylône arbre,48.85861111111111,2.108888888888889,35,,Parc de la pelouse,78430,78350
510842,0782750372,3,23,Pylône autostable,48.84444444444445,1.6991666666666667,37,LA FONTAINE DES CARREAUX,R DE L'AUNAY,78910,78465
511029,0782290151,2,23,Pylône autostable,49.01,1.8877777777777778,32,Clos Malines,r de la chesnaye,78250,78299
511289,0782290302,2,26,Pylône tubulaire,48.76888888888889,1.9394444444444445,32,,r de picardie,78310,78383
511292,0782700028,2,26,Pylône tubulaire,48.75861111111111,1.9149999999999998,28,,4 r du commerce,78310,78383
511294,0782750658,1,38,Immeuble,48.765277777777776,1.9347222222222222,31,,1-3 sq du maine,78310,78383
512191,0782290092,2,38,Immeuble,48.84861111111111,2.136388888888889,34,,8 AV CHARLES DE GAULLE,78170,78126
512326,0782290414,3,26,Pylône tubulaire,48.79722222222222,2.0108333333333333,28,La Butte du Moulin,ZA de Bois d'Arcy,78180,78423
512722,0780030072,6,23,Pylône autostable,48.968333333333334,1.743888888888889,45,Halte de Guerville,Aire de repos,78930,78291
512784,0780600022,3,23,Pylône autostable,48.566111111111105,1.9783333333333335,33,Remise des Bouleaux,Près A.10 - PK 20.330 - Sens Paris-Province,78730,78349
513357,0782700066,2,20,Monument religieux,48.64666666666667,1.823888888888889,56,,pl jeanne d'arc,78120,78517
513601,0782700296,2,26,Pylône tubulaire,48.778055555555554,1.65,25,La Grosse Haie,R C 4,78950,78263
514487,0782700067,1,4,Château d'eau - réservoir,49.06472222222222,1.6652777777777776,"26,8",Les Hautes Monettes,R de la Ballonière - D.124,78840,78410
518562,0782290437,7,23,Pylône autostable,49.005,1.6033333333333335,"42,8",Le Clos Brochard,r de la vallée des prés,78710,78531
518734,0780620501,14,23,Pylône autostable,48.963055555555556,1.7472222222222222,37,La Plagne,r de bellevue,78930,78291
519458,0782750260,4,26,Pylône tubulaire,49.01222222222222,2.1213888888888888,"33,8",LA JUSTICE,R DU BOIS D'AULNE,78700,78172
521645,0782290354,3,4,Château d'eau - réservoir,48.66555555555556,1.9680555555555557,72,LA DOUAIRIERE,RTE DÉPART. 72,78720,78128
521696,0782290150,2,17,Bâtiment,48.82833333333333,1.9977777777777779,"28,5",,50 AV DE ST ONGE,78450,78674
521801,0782290254,9,4,Château d'eau - réservoir,48.8,1.9094444444444443,39,Les Bordes,CHEM DE LA VALLEE CRESPIN,78760,78321
524118,0782290391,4,23,Pylône autostable,48.85944444444445,1.857777777777778,"38,7",Les Cailloux,R DE LA COUPERIE-PRES DE LA D119,78650,78062
524176,0782750267,2,17,Bâtiment,48.78055555555555,1.9666666666666668,27,,34 route de Trappes,78990,78208
524594,0782290207,3,4,Château d'eau - réservoir,48.98277777777778,1.906388888888889,65,Bois des Remises,R Pierre Bérégovoy,78130,78440
525128,0782290155,1,38,Immeuble,48.76722222222222,2.0391666666666666,22,,53 bd Descartes,78180,78423
525761,0782750664,2,4,Château d'eau - réservoir,48.95333333333333,1.605,"42,5",,6 VOIE COMMUNALE,78200,78385
526265,0782700099,2,26,Pylône tubulaire,48.775555555555556,2.093611111111111,34,La Minière,rte de dampierre - sente du breuil,78280,78297
526364,0782700282,4,23,Pylône autostable,48.82888888888889,1.646388888888889,35,LE CHENE À THOMAS,chem de la butte rouge,78550,78520
526776,0782290392,4,26,Pylône tubulaire,49.025555555555556,1.6108333333333333,"31,5",BOIS PREVOST,CORNICHE DE ROLLEBOISE,78840,78255
526782,0782700240,2,38,Immeuble,48.99027777777778,1.7116666666666667,"25,6",,48 AV REPUBLIQUE,78200,78361
526876,0782700157,2,23,Pylône autostable,48.825,1.8941666666666666,32,Le Haut des Sablons,chem des forceries,78640,78683
526911,0782700117,1,38,Immeuble,48.7975,2.0675000000000003,19,,17-21 R André Cordier,78210,78545
530543,0782750231,1,20,Monument religieux,48.757777777777775,2.0505555555555555,26,,2 R AUX FLEURS,78960,78688
530550,0782290178,2,38,Immeuble,48.89,2.153888888888889,31,,53/63 av du maréchal foch,78400,78146
530634,0782700145,1,26,Pylône tubulaire,48.80166666666666,1.9494444444444445,25,,n.12 - ech sortie z.a. de ste-apolline,78370,78490
531373,0782290429,1,26,Pylône tubulaire,48.64861111111111,1.8230555555555557,35,,1 r pasteur,78120,78517
532167,0782290175,4,23,Pylône autostable,48.743611111111115,2.045,"36,7",,7 R JEANNE ET PAUL WEISS - BROUESSY,78114,78356
532385,0782750688,1,17,Bâtiment,48.761944444444445,1.9166666666666665,13,,327 AV GUTENBERG - AUCHAN,78310,78383
532540,0782700081,3,38,Immeuble,48.99805555555556,2.0975,25,,17 R AUGUSTE ROMAGNE,78700,78172
532596,0782750021,1,38,Immeuble,48.80333333333333,2.165833333333333,"32,1",,2 R DE L'ABBE DALLOZ,78220,78686
532703,0782750061,1,38,Immeuble,48.89527777777778,2.068888888888889,"48,2",,10 R FRANCOIS COUPERIN,78100,78551
532728,0782290386,2,26,Pylône tubulaire,48.7275,2.0844444444444448,"26,5",STADE JACQUES ANQUETIL,R DES ECOLES,78114,78356
532763,0782700185,3,38,Immeuble,48.973888888888894,2.006111111111111,21,,31B R PAUL DOUMER,78510,78624
532838,0782750263,3,38,Immeuble,48.98388888888889,1.7225000000000001,"27,2",,19 R DU COTEAU,78200,78361
533413,0782750564,1,38,Immeuble,48.79805555555556,2.066111111111111,18,,"53, 57 AV PIERRE CURIE ",78210,78545
534687,0782290275,3,23,Pylône autostable,48.948611111111106,2.0097222222222224,"28,1",Les Bouveries,chem des graviers aux moines,78510,78624
535077,0782700136,2,23,Pylône autostable,48.99027777777778,1.76,"52,3",,"4, r fernand forest",78520,78335
535469,0782750228,1,38,Immeuble,48.99277777777778,2.0894444444444447,"22,3",,1 R DES NONNAINS,78700,78172
535978,0782700189,3,20,Monument religieux,48.87916666666667,2.1463888888888887,44,,PL DE L'EGLISE,78290,78190
536461,0782290103,5,4,Château d'eau - réservoir,49.02055555555555,1.4836111111111112,42,La Fosse Corne,route de Blaru,78270,78147
536847,0782700063,3,4,Château d'eau - réservoir,48.89611111111111,2.141388888888889,47,,r des reservoirs,78110,78650
537895,0782700197,3,38,Immeuble,48.79944444444444,2.151111111111111,"33,8",,2 R ST CHARLES,78000,78646
537920,0780030768,1,17,Bâtiment,48.97805555555556,1.713611111111111,18,,ROUTE DE HOUDAN,78711,78362
538407,0780030150,6,4,Château d'eau - réservoir,48.899166666666666,2.083888888888889,55,,"111-113  , r léon desoyer",78100,78551
539145,0782750154,2,38,Immeuble,48.769444444444446,1.9544444444444444,32,,2-3 allée des  Paquerettes,78990,78208
540185,0782700149,3,38,Immeuble,48.811388888888885,2.1352777777777776,"30,5",,58 r du marechal foch,78000,78646
541366,0782750007,1,38,Immeuble,48.808055555555555,2.151388888888889,24,,9 R ANTOINE RICHARD,78000,78646
541547,0782750244,2,23,Pylône autostable,48.95583333333334,2.0944444444444446,"47,9",ACHÈRES GARE GRAND CORMIER,GARE D'ACHERES FORET DE ST GERMAIN-N184,78100,78551
544017,0780220059,5,23,Pylône autostable,49.02638888888889,1.5583333333333333,35,,Route de Villeneuve en Cheverie,78270,78089
544123,0782700142,1,38,Immeuble,48.800555555555555,2.1866666666666665,26,,"20, r de jouy",78220,78686
545310,0782700263,1,38,Immeuble,48.93861111111111,2.1863888888888887,"12,6",,97 r guy moquet,78500,78586
545336,0782750628,2,48,pylône arbre,48.776944444444446,1.8033333333333335,26,,r st laurent,78490,78420
545399,0782290025,1,38,Immeuble,48.87416666666667,2.096388888888889,29,,21-23 r du clos courche,78160,78372
545405,0782700087,1,38,Immeuble,48.87638888888889,2.089166666666667,24,,39 che des maigrets,78160,78372
545407,0782750011,1,38,Immeuble,48.87222222222222,2.095555555555556,23,,5 R DE FONTENELLE,78160,78372
545412,0782290062,4,23,Pylône autostable,48.86638888888889,2.0355555555555553,44,RTE DE ST GERMAIN,Angle Nord/Est croisement D98 et A13,78860,78571
545418,0782750266,1,38,Immeuble,48.87444444444444,2.081666666666667,20,,11 R DES POTERIES,78160,78372
545761,0782290378,5,4,Château d'eau - réservoir,48.781666666666666,2.029166666666667,"72,5",Les Quatres pavés du roy,RN.10,78180,78423
545862,0782750032,1,17,Bâtiment,48.803888888888885,2.051111111111111,"19,4",,14-16 R GERARD  PHILIPPE,78210,78545
546396,0782700035,2,38,Immeuble,48.76833333333333,1.9491666666666667,"32,3",,1 pl mendès france,78990,78208
551081,0782700050,2,38,Immeuble,48.920833333333334,2.0216666666666665,"42,5",,113 R DE VILLIERS,78300,78498
551754,0782290125,2,23,Pylône autostable,48.66777777777777,1.8780555555555556,30,,LE CLOS DES ALOUETTES,78125,78655
551788,0780600012,2,4,Château d'eau - réservoir,48.779444444444444,2.026944444444444,70,,CHATEAU D'EAU DES 4 PAVES,78180,78423
553278,0782290432,3,49,"Ouvrage de signalisation (portique routier, panneau routier)",48.83694444444445,2.127222222222222,8,,A13 sens Paris-Province,78170,78126
554616,0782290220,4,38,Immeuble,48.99861111111111,2.062222222222222,21,,R DE PONTOISE/LUCIEN JULIA,78780,78382
555190,0782700112,9,23,Pylône autostable,48.76027777777778,2.1713888888888886,38,,1 R DE LA LIBÉRATION,78350,78322
555194,0782290120,10,23,Pylône autostable,48.795833333333334,2.176388888888889,46,,av de vélizy,78220,78686
555517,0782750278,2,38,Immeuble,48.78361111111111,2.1694444444444443,34,,7 R DE LA DIVISION LECLERC,78140,78640
555555,0782700253,1,23,Pylône autostable,48.757222222222225,1.9425000000000001,25,,"4, r louis normand",78320,78644
557651,0782700027,1,38,Immeuble,48.82527777777778,1.985,23,,1 r emile baudot,78340,78165
557726,0782700037,1,38,Immeuble,48.828611111111115,1.948611111111111,"40,7",,"22 , r des ebisoires",78370,78490
557775,0782700226,1,38,Immeuble,48.92833333333333,2.1852777777777774,21,,45 R Camille Pelletan,78800,78311
558546,0782290433,1,23,Pylône autostable,48.7925,2.055833333333333,49,Etang du Bois Robert,N.286 près Voie Ferrée,78280,78297
559221,0782750183,1,38,Immeuble,48.780277777777776,2.0355555555555553,31,,13 ALL DES ÉPINES,78180,78423
559391,0782750622,1,17,Bâtiment,48.85916666666667,2.131388888888889,21,,6 R DU MURGET,78380,78092
560672,0782700155,1,38,Immeuble,49.00333333333333,2.111111111111111,22,,17 r de la résidence des clos,78700,78172
568548,0782750014,1,38,Immeuble,48.9475,2.1680555555555556,23,,104 QUAI DE SEINE,78500,78586
570415,0782700120,1,17,Bâtiment,48.766666666666666,2.1194444444444445,"26,1",,"80, r hélène boucher",78530,78117
572161,0782750187,1,38,Immeuble,48.7725,2.0144444444444445,"38,5",,10 Rte de Trappes,78180,78423
573197,0782290270,1,38,Immeuble,48.794444444444444,2.1230555555555557,19,,11 r albert samarin,78000,78646
575366,0780710001,1,23,Pylône autostable,48.55,1.7941666666666665,40,la croix rouge,,78660,78506
575434,0780710001,1,11,Mât béton,48.55166666666666,1.7933333333333332,40,la croix rouge,,78660,78506
575584,0782290434,1,26,Pylône tubulaire,48.96472222222223,2.0616666666666665,22,La Fosse Bidan,10 r des communes (proche d30),78260,78005
575646,0780710001,1,11,Mât béton,48.55,1.7916666666666665,40,la croix rouge,,78660,78506
575660,0780710001,1,11,Mât béton,48.549166666666665,1.791111111111111,40,la croix rouge,,78660,78506
575749,0780710001,1,11,Mât béton,48.54861111111111,1.7919444444444443,40,la croix rouge,,78660,78506
575751,0780710001,1,11,Mât béton,48.55027777777777,1.7941666666666665,20,la croix rouge,,78660,78506
575753,0780710001,1,11,Mât béton,48.55138888888889,1.7913888888888887,20,la croix rouge,,78660,78506
575755,0780710001,1,11,Mât béton,48.54972222222222,1.7955555555555553,20,la croix rouge,,78660,78506
575757,0780710001,1,34,Dalle en béton,48.54861111111111,1.795,0,la croix rouge,,78660,78506
577284,0782700171,4,26,Pylône tubulaire,48.526666666666664,1.9508333333333332,"39,9",,RD 116,78730,78569
577363,0782290182,3,17,Bâtiment,48.74916666666667,1.9241666666666666,20,,1 r de prévenderie,78310,78168
579484,0782700252,1,17,Bâtiment,48.755833333333335,1.9313888888888888,"13,6",,bd des Arpents,78310,78168
580950,0782700034,1,38,Immeuble,48.943888888888885,2.180833333333333,34,,73B bd de bezons,78500,78586
583191,0782700029,5,23,Pylône autostable,48.91444444444444,2.161111111111111,38,,Barrière de péage de Carrières S/ Seine,78420,78124
583197,0782700567,1,26,Pylône tubulaire,48.878055555555555,2.1244444444444444,"24,5",,r du chem de ronde,78290,78190
584131,0780030632,3,24,Pylône haubané,49.038888888888884,1.7577777777777779,40,Butte Marisis,Bois de Marainville,78440,78246
586011,0782700023,5,23,Pylône autostable,48.70305555555556,1.7727777777777778,50,Le Débuché,rte forestière de la billette,78125,78497
586265,0782700148,1,38,Immeuble,48.784166666666664,2.185833333333333,"29,6",,21-25 r rolland garros,78140,78640
589413,0782290397,3,20,Monument religieux,48.57611111111112,1.8786111111111112,42,,pl de l' eglise,78120,78601
589432,0782290141,4,23,Pylône autostable,48.70583333333334,1.9780555555555557,42,,r de la butte à tonnerre,78720,78193
591984,0782290041,4,23,Pylône autostable,48.87111111111111,2.0605555555555553,"33,2",Les Sables de la Brosse,chem de la brosse,78620,78224
593553,0782290438,4,23,Pylône autostable,48.73777777777778,1.6302777777777777,27,Le breuil,La Butte du Pinson,78113,78171
593714,0782700042,7,20,Monument religieux,48.73444444444444,2.0908333333333333,25,,pl de l'église,78117,78143
594845,0782290055,11,23,Pylône autostable,48.95472222222222,1.7158333333333333,58,Les Carrieres,,78930,78104
594859,0782700207,1,38,Immeuble,48.895833333333336,2.068888888888889,38,,1 r j. baptiste lulli,78100,78551
595555,0782700294,1,17,Bâtiment,48.76722222222222,2.0555555555555554,"22,5",,"1, 2, 3 r galilee",78280,78297
595961,0780220045,2,24,Pylône haubané,48.73111111111111,2.0380555555555553,"26,4",Route de Romainville,Réservoir,78470,78406
596263,0782700285,2,38,Immeuble,48.77111111111111,2.043611111111111,"18,5",,106 av descartes,78180,78423
596877,0782700025,2,38,Immeuble,48.956944444444446,2.062222222222222,49,,1 ALL ANDRE CHENIER,78260,78005
597229,0782290191,4,26,Pylône tubulaire,48.91416666666667,2.131111111111111,35,,CHEM DE CORMEILLES,78360,78418
601178,0782290009,5,4,Château d'eau - réservoir,48.834722222222226,2.145,75,LES HUBIES,6 Rte de la Chasse Royale,78150,78158
601800,0782700180,2,38,Immeuble,48.931666666666665,2.0444444444444443,"46,5",,"1, r paul codos",78300,78498
601815,0782700174,1,38,Immeuble,48.993611111111115,1.9130555555555555,35,,"24,av paul raoult",78130,78440
602742,0782750702,1,10,Tunnel,48.90611111111111,2.056388888888889,"7,4",rte de la reine,foret st germain,78100,78551
604166,0780030819,1,4,Château d'eau - réservoir,48.922777777777775,2.0380555555555553,30,,r de la tournelle,78300,78498
604679,0780030074,5,23,Pylône autostable,48.939722222222215,1.9525,45,,Aire Sud de Morainvilliers,78630,78431
614506,0780220049,4,38,Immeuble,48.92166666666667,2.0327777777777776,"20,4",,22-26 r ronsard,78300,78498
614810,0782290277,3,23,Pylône autostable,48.62416666666667,1.826111111111111,50,,19 r Gustave Eiffel,78120,78517
614862,0780220050,4,23,Pylône autostable,48.90222222222222,2.004722222222222,25,Bois de Poncy,Terrain communal,78240,78007
615301,0780220051,5,26,Pylône tubulaire,48.530277777777776,1.913611111111111,29,La Mare Claire,A10/E05,78660,78564
615344,0780220052,2,23,Pylône autostable,48.4975,1.8958333333333333,30,Le Moulin du Bréau,imp des roses,78660,78071
618808,0782700291,2,26,Pylône tubulaire,48.92388888888889,2.0016666666666665,25,,Chem Fauveau,78630,78466
619485,0782700235,1,26,Pylône tubulaire,48.7675,2.0033333333333334,52,,1 b  av albert einstein,78190,78621
622013,0780030974,4,23,Pylône autostable,48.552499999999995,1.9319444444444442,70,,Gare de Péage - A10,78730,78537
625327,0780220054,2,23,Pylône autostable,48.97638888888889,1.5858333333333334,20,La Belle Côte,46 Grande Rue,78200,78082
625337,0780220055,3,23,Pylône autostable,48.96527777777778,1.6744444444444444,21,Le Rougeassier,7 chem de rosny,78200,78354
625349,0780220053,2,26,Pylône tubulaire,48.93416666666666,1.6158333333333335,30,Les Brossets,Route de Tertre,78980,78608
627860,0782750010,1,38,Immeuble,48.906388888888884,2.154444444444444,"20,7",,10 CHEM DES CHAMPS ROGER,78360,78418
632199,0782290024,5,23,Pylône autostable,48.94194444444444,1.918611111111111,"35,8",Les chataigniers,La Croix de Romainville,78920,78206
632300,0780220056,2,23,Pylône autostable,48.71638888888889,1.7977777777777777,35,La Folie,la r neuve,78610,78108
637838,0782290328,3,38,Immeuble,48.8,2.165,"14,8",,r raphael corby,78220,78686
645674,0782700096,3,23,Pylône autostable,48.66416666666667,1.8069444444444445,41,La Grille aux Lapins,Vieilles Bergerie - D.936,78120,78517
646221,0780220007,5,23,Pylône autostable,48.643055555555556,1.8438888888888891,40,,11 r de la giroderie,78120,78517
648499,0780220062,4,26,Pylône tubulaire,48.88638888888889,1.7341666666666666,39,Au-dessus du Gros Orme,bordure  D 11,78790,78300
648503,0780220063,4,26,Pylône tubulaire,48.90888888888889,1.7819444444444443,33,Le Noyer Galant,route d'Hargeville,78580,78325
648508,0782290293,3,38,Immeuble,48.86,2.1480555555555556,24,,"18, av de la jonchère",78170,78126
652062,0780030618,8,33,Tour hertzienne,49.0125,1.8172222222222223,56,les Brières,che rural du Vignoble,78440,78113
664357,0782290368,4,17,Bâtiment,48.93583333333333,2.1594444444444445,29,,8 Rue de l'Ilôt,78500,78586
670491,0780220041,2,42,Mât,48.822500000000005,1.6372222222222221,15,La Grenouillère,pl du chateau,78550,78520
673373,0782700239,2,4,Château d'eau - réservoir,48.905,1.5766666666666667,"25,4",Le Petit Heurteloup,"24, r des réservoirs",78980,78346
673608,0782290440,1,17,Bâtiment,48.80583333333333,1.9619444444444445,17,,r nicolas poussin,78370,78490
675482,0782700279,2,26,Pylône tubulaire,48.96,1.8897222222222223,25,,chem moncharmont,78410,78090
676254,0782700320,3,26,Pylône tubulaire,48.92833333333333,1.9872222222222222,39,,chem aux boeufs,78630,78466
679057,0782750017,1,38,Immeuble,48.76694444444444,2.0391666666666666,20,,45 BD Descartes,78180,78423
683111,0782290213,4,20,Monument religieux,48.818333333333335,2.1308333333333334,52,,3 PL ST ANTOINE DE PADOUE,78150,78158
684031,0782290452,1,23,Pylône autostable,49.01972222222222,1.9733333333333334,50,L'Hautil,Bois de Fort Vache,78740,78638
684929,0782700123,1,17,Bâtiment,48.80416666666667,2.1713888888888886,"28,5",,114 av du général leclerc,78220,78686
706677,0782750257,1,38,Immeuble,48.75,1.9213888888888888,"23,6",,1 ALL DES ESSAIMS,78310,78168
706688,0782750257,1,38,Immeuble,48.75,1.9213888888888888,"22,2",,1 ALL DES ESSAIMS,78310,78168
708832,0780220070,2,48,pylône arbre,48.94194444444444,1.8705555555555555,35,ste-colombe,chem d'aubergenville à herbeville,78580,78049
712785,0780220018,1,42,Mât,48.993611111111115,1.6805555555555554,3,,r des closeaux,78200,78361
718194,0780220068,1,26,Pylône tubulaire,49.03638888888889,1.5844444444444445,12,,r gambetta face n° 48,78270,78089
720937,0782290370,1,23,Pylône autostable,48.95916666666667,2.136388888888889,33,,r de la muette,78100,78551
723529,0782290019,1,38,Immeuble,48.925,2.160833333333333,33,,11 r du bas de la plaine,78500,78586
723531,0782290166,1,38,Immeuble,48.94138888888889,2.1977777777777776,22,,1 r villa doumier,78500,78586
723535,0782700181,1,38,Immeuble,48.94555555555555,2.2016666666666667,"28,7",,9 r maurice audin,78500,78586
723547,0782750650,1,48,pylône arbre,48.946666666666665,2.1875,27,,7 R LÉON JOUHAUX,78500,78586
734003,0782700110,1,17,Bâtiment,48.88638888888889,1.9224999999999999,14,,1 r des alluets,78121,78189
739786,0782750003,1,38,Immeuble,48.780833333333334,2.1975,"24,5",,38 Pl Louvois,78140,78640
747223,0780600025,1,11,Mât béton,48.522777777777776,1.9083333333333332,18,Près Haut Bout,P.K. 28.5,78660,78564
747372,0782290250,7,23,Pylône autostable,48.55,1.9255555555555555,44,Les Brulins,P.K. 26,78730,78499
748342,0780600027,1,11,Mât béton,48.45055555555556,1.9105555555555556,18,La Haute Epine,P.R 36.470,78660,78009
749439,0782290118,1,23,Pylône autostable,48.96,1.5108333333333333,27,,r coger,78980,78559
752260,0782290181,2,17,Bâtiment,48.761944444444445,2.081944444444445,"40,2",,"1,  av du golf",78280,78297
759435,0782700032,4,4,Château d'eau - réservoir,48.71388888888889,1.8858333333333333,72,,54 R DE L'ARTOIRE,78690,78220
761798,0780600026,1,26,Pylône tubulaire,48.529444444444444,1.847777777777778,18,Dimancheville,P.R 30.850,78660,78003
764043,0780600016,1,23,Pylône autostable,48.995555555555555,1.7944444444444443,35,,r du haut parc,78440,78314
781408,0782700221,1,38,Immeuble,48.90611111111111,2.153611111111111,"16,5",,7 r faullain de banville,78360,78418
785693,0782700223,2,31,Silo,48.816944444444445,2.048611111111111,"16,2",,6 CHEM DE LA RATELLE,78330,78242
786207,0782290130,1,4,Château d'eau - réservoir,48.657222222222224,1.6758333333333333,41,,rte de la boissière,78125,78307
786673,0782290446,1,23,Pylône autostable,48.969722222222224,1.87,42,Les Mériels Nord Est,Zac Les Mériels,78410,78238
786698,0782290445,1,20,Monument religieux,49.05972222222222,1.8161111111111112,24,,r de la mairie,78440,78329
786928,0782700250,1,23,Pylône autostable,48.782777777777774,2.209166666666667,36,,6 r nieuport,78140,78640
787180,0782700295,1,38,Immeuble,48.784166666666664,2.0405555555555552,"33,4",,1 av de la source de la bièvre,78180,78423
790313,0782700024,3,17,Bâtiment,48.956944444444446,2.169722222222222,"32,5",,2 AV MOLIERE,78600,78358
791784,0782290447,2,26,Pylône tubulaire,48.69083333333333,1.8552777777777778,30,,SENTE DES PLATANES,78610,78486
794061,0782700003,2,4,Château d'eau - réservoir,48.79277777777778,2.1327777777777777,"36,5",Butte Gobert,"19 , r edouard charton",78000,78646
794135,0782700069,1,26,Pylône tubulaire,48.909166666666664,2.029166666666667,25,,"5, r du mur du parc",78240,78133
794158,0782750433,1,23,Pylône autostable,48.909444444444446,2.0280555555555555,31,,CHEM DE LA REMISE,78240,78133
796927,0782290261,2,38,Immeuble,48.913888888888884,2.1975,26,,"19, r des entrepreneurs",78420,78124
797912,0782700330,7,23,Pylône autostable,48.89694444444444,1.6802777777777775,42,,r du cimetière,78790,78591
797925,0782700146,1,26,Pylône tubulaire,48.759166666666665,2.0441666666666665,16,,r du mail aux fruits,78960,78688
798322,0782750114,1,38,Immeuble,48.8275,1.951111111111111,32,,9 AV DE ST GERMAIN,78370,78490
798518,0782700219,3,23,Pylône autostable,48.978611111111114,2.0655555555555556,"39,9",,QUAI DE L'ÎLE PEYGRAND,78570,78015
798819,0782290448,1,38,Immeuble,48.94972222222222,2.174722222222222,"21,9",,68 r de la frette,78500,78586
799769,0782700216,1,38,Immeuble,48.947222222222216,2.0641666666666665,18,,4 pl gustave eiffel,78300,78498
799802,0782290396,3,23,Pylône autostable,48.70194444444445,1.895,37,LA HAIE AUX MARCILLES,r des vaux de cernay,78610,78030
800626,0782700208,1,38,Immeuble,49.000277777777775,1.6797222222222221,54,,2 r clément ader,78200,78361
800997,0782750708,1,17,Bâtiment,48.78111111111111,2.2208333333333337,18,,2 AV DE L'EUROPE (VELIZY 2),78140,78640
801683,0782700172,2,23,Pylône autostable,49.015,1.5872222222222223,"30,5",bonnières,ech n° 14 de bonnières - A13a,78710,78531
804105,0780030918,1,38,Immeuble,48.7875,2.0491666666666664,15,,19 R STEPHENSON,78051,78423
807786,0782750670,2,38,Immeuble,48.76027777777778,1.9663888888888887,40,,18 RES DU BOIS DE L ETANG,78320,78644
809116,0782290264,9,23,Pylône autostable,48.772777777777776,2.1283333333333334,36,,La Gueriniere,78530,78117
815500,0782650120,5,23,Pylône autostable,48.904444444444444,1.85,43,La Relanderie,,78580,78380
815595,0782290104,1,23,Pylône autostable,48.8775,2.125,29,,Allée de Giverny,78290,78190
815673,0782290047,1,4,Château d'eau - réservoir,49.0175,1.5680555555555555,"36,1",Hameau de Morvent,,78270,78089
815695,0782290112,1,38,Immeuble,48.94222222222222,2.0322222222222224,30,,222 av Ernest JOLLY,78955,78123
815697,0782290053,1,38,Immeuble,48.78194444444444,1.8161111111111112,"19,5",,13 r de la croix de rome,78490,78420
815712,0782290116,2,26,Pylône tubulaire,48.8,1.9638888888888888,30,,r jacques monod,78370,78490
815714,0782290124,1,26,Pylône tubulaire,48.973055555555554,2.17,18,Fromainville,Rte des Noyers,78100,78551
815718,0782290075,1,4,Château d'eau - réservoir,48.98277777777778,2.0125,20,Cheverchemont,43 R des Réservoirs,78510,78624
815720,0782290078,1,38,Immeuble,48.801111111111105,2.1530555555555555,27,,2 Allée Maurice Dormann,78000,78646
815725,0782290126,1,26,Pylône tubulaire,48.90972222222222,2.0294444444444446,20,,r du mur du parc,78240,78133
815733,0782290079,1,17,Bâtiment,48.928888888888885,2.0455555555555556,19,,49 BD Victor Hugo,78300,78498
815749,0782290137,3,20,Monument religieux,48.94416666666666,1.8319444444444444,22,,pl de la libération,78410,78230
815751,0782290088,4,4,Château d'eau - réservoir,48.62222222222222,1.9077777777777778,39,Les Frémillons,chem des frémillons,78120,78164
815763,0782290097,1,26,Pylône tubulaire,48.81916666666667,1.9555555555555555,30,,r du valibout,78370,78490
815767,0782700202,1,23,Pylône autostable,48.988055555555555,1.975,32,,r du Rouillard,78480,78642
815775,0782290015,1,23,Pylône autostable,48.64666666666667,1.8311111111111111,30,,1 r madame de maintenon,78120,78517
815783,0782290102,1,17,Bâtiment,48.62555555555556,1.7697222222222222,25,,chem de la gaude,78125,78269
815803,0782290027,3,23,Pylône autostable,48.76111111111111,2.136388888888889,27,,19 r de la division leclerc,78350,78343
815816,0782290031,1,38,Immeuble,48.89277777777778,2.071111111111111,28,,30 av st fiacre,78100,78551
815819,0782290033,1,17,Bâtiment,48.893055555555556,2.138611111111111,27,,29 bd  carnot,78110,78650
815939,0782290035,1,38,Immeuble,48.77444444444444,1.9772222222222224,30,,63 Av du Pasteur Martin Luther King,78190,78621
815944,0782290043,1,17,Bâtiment,48.780277777777776,2.1875,24,,9/11 av louis breguet,78140,78640
816446,0782750440,1,38,Immeuble,48.80722222222222,2.1555555555555554,19,,3 R ST NICOLAS,78000,78646
816476,0782290232,1,38,Immeuble,48.87416666666667,2.138611111111111,20,,6 b  rte du Roi,78290,78190
816490,0782290199,2,32,"Ouvrage d'art (pont, viaduc)",48.812777777777775,2.058611111111111,11,Les Brissards,A12 - PK 4.5,78210,78545
816494,0782290239,2,26,Pylône tubulaire,48.867222222222225,1.785,34,Les Bruyeres,r de la porte st martin,78770,78616
816496,0782290204,1,38,Immeuble,48.89416666666666,2.092777777777778,19,,11 r raymond greban,78100,78551
816506,0782290209,4,23,Pylône autostable,48.82666666666667,1.7444444444444445,37,BOIS LES COUARDES,RTE DE BEHOUST,78890,78265
816521,0782290243,1,26,Pylône tubulaire,48.73583333333333,1.9077777777777778,24,,8 r du Pont des Landes,78310,78168
816567,0782290262,1,4,Château d'eau - réservoir,48.46472222222223,1.8777777777777778,42,Les Ouches,Nationale 191,78660,78478
816569,0782290286,1,23,Pylône autostable,48.988055555555555,1.7663888888888888,27,,11 r de rouen,78440,78501
816575,0782290268,3,23,Pylône autostable,48.76444444444444,2.116388888888889,"31,5",,65 Av Roland Garros,78530,78117
816581,0782290288,1,23,Pylône autostable,48.6025,2.005,29,Bourgneuf,Départemental D988,78830,78120
816583,0782290269,5,26,Pylône tubulaire,48.96361111111111,1.8336111111111113,30,,chem de la Bourde,78680,78217
816585,0782290221,1,38,Immeuble,48.93805555555555,2.0594444444444444,"31,5",,121 r st sébastien,78300,78498
816587,0782290222,2,38,Immeuble,48.901666666666664,2.117777777777778,17,,Allée des Chardonnerets,78230,78481
816589,0782290271,3,38,Immeuble,48.81444444444444,2.1502777777777777,28,,r du Gal Pershing,78000,78646
816595,0782290278,1,23,Pylône autostable,48.51916666666666,1.8341666666666667,33,La Croix des Vignes,r de la Paix,78660,78003
816597,0782290408,2,48,pylône arbre,48.91611111111111,1.9797222222222224,31,,r du chateau rouge,78630,78466
816603,0782290410,1,38,Immeuble,48.98027777777778,1.7108333333333332,"16,8",,4/6/8 r de l'ile de france,78711,78362
816605,0782290279,1,38,Immeuble,48.99722222222222,1.7094444444444443,21,,18 r Maurice Braunstein,78200,78361
816615,0782290291,1,23,Pylône autostable,48.98111111111111,2.0786111111111114,25,Les Hautes Plaines,chem rural n°2,78260,78005
816626,0782290350,1,23,Pylône autostable,48.92444444444444,1.6827777777777777,28,,r des limons,78930,78677
816630,0782290228,1,38,Immeuble,48.799166666666665,2.0719444444444446,19,,7 pl p semard,78210,78545
816634,0782290335,1,38,Immeuble,48.9,2.158611111111111,21,,1 et 3 all circulaire,78400,78146
816636,0782290229,1,26,Pylône tubulaire,48.97916666666667,1.718888888888889,30,,Rte des Soupirs,78711,78362
816641,0782290230,1,26,Pylône tubulaire,48.778888888888886,2.2075,12,Autoroute A86,Av de l'Europe,78140,78640
816651,0782290231,1,26,Pylône tubulaire,48.78638888888889,2.1527777777777777,12,,r rémont - a.86 ech versailles,78000,78646
816654,0782750108,3,38,Immeuble,48.84861111111111,2.1516666666666664,"23,1",,6 Av Guynemer,78170,78126
816662,0782290337,2,20,Monument religieux,48.74277777777778,1.9627777777777777,34,,r raymond berrurier,78320,78397
816664,0782290353,4,23,Pylône autostable,48.868611111111115,2.1133333333333333,"29,2",,7 allée des Angelards,78430,78350
816666,0782290339,1,20,Monument religieux,48.81361111111111,1.8994444444444445,26,,pl de l'église,78640,78442
816668,0782290340,1,23,Pylône autostable,48.65416666666667,1.8497222222222223,23,,R Joseph Cugnot,78120,78517
816670,0782290148,1,23,Pylône autostable,48.85944444444445,1.9705555555555556,23,Les Boisseaux,V.C.N°5,78810,78233
816672,0782290341,2,24,Pylône haubané,48.76083333333333,2.062777777777778,"21,1",,r rené caudron,78960,78688
816674,0782290152,1,17,Bâtiment,48.94694444444444,2.1444444444444444,19,,r du fossé,78600,78358
816676,0782290153,1,38,Immeuble,48.92472222222222,2.183333333333333,"35,3",,50 r hoche,78800,78311
816678,0782290158,2,32,"Ouvrage d'art (pont, viaduc)",48.77777777777778,2.2225,"10,5",,ech n118 sud vers a86 pr7.6,78140,78640
816680,0782290160,3,10,Tunnel,48.80444444444444,2.05,12,Tunnel A12,A.12 - PR 5.6 - Tunnel de St-Cyr,78210,78545
816682,0782290364,1,26,Pylône tubulaire,48.7975,1.951111111111111,23,,av d'armorique,78370,78490
816684,0782290163,1,20,Monument religieux,48.6875,2.0180555555555557,29,,D.41 - Eglise,78460,78162
816690,0782290177,1,23,Pylône autostable,48.717777777777776,1.9458333333333333,30,Girouard,Haras de la Gire,78320,78334
816692,0782700306,2,26,Pylône tubulaire,48.79361111111111,2.075277777777778,15,Porte du Bois Robert,R.N. 286 - Sortie St Cyr l'école,78000,78646
816694,0782290376,1,10,Tunnel,48.91583333333333,2.0244444444444443,8,,Tunnel A14,78300,78498
816696,0782290377,1,10,Tunnel,48.91222222222222,2.1805555555555554,9,,Tunnel A14,78420,78124
816700,0782290387,1,23,Pylône autostable,48.559444444444445,1.9116666666666666,"30,5",La pièce du Goulet,Déchetterie D988,78730,78537
816702,0782290389,1,38,Immeuble,48.78388888888889,2.0669444444444447,14,,7 r eugène freyssinet,78280,78297
816704,0782290185,1,38,Immeuble,48.99305555555556,1.6997222222222221,24,,68 r emile zola,78200,78361
816712,0782290189,2,4,Château d'eau - réservoir,48.961111111111116,2.144722222222222,35,,av jacques laffitte,78600,78358
817353,0782700323,2,4,Château d'eau - réservoir,49.011944444444445,1.7816666666666665,"25,7",,rue de brueil,78440,78296
821376,0782290238,1,26,Pylône tubulaire,48.92388888888889,2.0019444444444443,12,,chem de Fauveau,78630,78466
821404,0780220076,3,23,Pylône autostable,48.98222222222223,1.6208333333333333,26,Le Plant Mercier,chem des beurons,78200,78484
825453,0782750711,1,23,Pylône autostable,48.98583333333333,2.111388888888889,"37,1",,Rue du Réservoir,78260,78005
834715,0782750008,3,38,Immeuble,48.901944444444446,2.1330555555555555,18,,30 Rte de Montesson,78110,78650
834723,0782750009,1,38,Immeuble,48.79611111111111,2.143611111111111,19,,15 R DE LA PATTE D'OIE,78000,78646
834920,0782750272,4,38,Immeuble,48.900277777777774,2.167777777777778,21,,"85 , 87 AV GAMBETTA",78400,78146
834922,0782700116,2,38,Immeuble,48.75416666666667,2.075555555555556,23,Les Terres de Merantais,1 AV DU GOLF,78114,78356
834924,0782750279,1,38,Immeuble,48.79472222222222,2.1261111111111113,25,,26 R ST LOUIS,78000,78646
834935,0782750282,1,26,Pylône tubulaire,48.83694444444445,2.129166666666667,27,,14 AV DU PUIT D'ANGLE,78170,78126
834937,0782700184,2,38,Immeuble,48.894999999999996,2.0941666666666667,22,,56 R DE PARIS,78100,78551
834939,0782750329,3,4,Château d'eau - réservoir,48.748333333333335,2.1108333333333333,24,AERODROME DE TOUSSUS LE NOBLE,CHEM DE LA RIGOLE ,78117,78620
834981,0782750542,1,26,Pylône tubulaire,48.92472222222222,2.154722222222222,22,,Route de Sartrouville,78360,78418
835000,0782750605,2,38,Immeuble,48.808055555555555,2.125,30,,24 R RÉSERVOIRS,78000,78646
835004,0782700280,3,48,pylône arbre,48.82055555555556,1.9994444444444446,30,,"141, 143 AV DE VERSAILLES",78450,78674
835006,0782700192,2,26,Pylône tubulaire,48.76861111111111,2.0638888888888887,"22,3",,1 R JEAN MOULIN,78280,78297
835008,0782750655,1,38,Immeuble,48.901944444444446,2.0419444444444443,19,,20 ALL DE LA SENTE NOIRE,78240,78133
835010,0782700160,3,23,Pylône autostable,48.76777777777777,1.8800000000000001,42,LE TERTRE A CADEAU,RD 34,78490,78623
835021,0782750015,2,38,Immeuble,48.779444444444444,1.9894444444444446,40,,"2, 5 SQ CASTIGLIONE DEL LAGO",78190,78621
835027,0780350001,3,17,Bâtiment,48.78527777777778,2.0725000000000002,24,,1 Av Eugene Freyssinnet,78280,78297
835029,0782750472,1,17,Bâtiment,48.803888888888885,2.1416666666666666,"20,5",,3 R LÉON GATIN,78000,78646
835031,0782750156,1,38,Immeuble,48.89527777777778,2.154166666666667,17,,"57, 59 R DU GÉNÉRAL LECLERC",78400,78146
835046,0782750528,1,38,Immeuble,49.006388888888885,1.9630555555555556,10,,4 ET 6 PL DE LAGARE,78740,78638
835052,0782750206,1,38,Immeuble,48.801111111111105,2.1238888888888887,23,,4 R DE FONTENAY,78000,78646
835054,0782750208,1,38,Immeuble,48.86083333333333,2.1397222222222223,20,,128 R DU MAL JOFFRE,78380,78092
835060,0782750221,1,26,Pylône tubulaire,48.79361111111111,2.075555555555556,12,EPI D'OR,RN 286 ,78000,78646
835068,0782750242,1,26,Pylône tubulaire,48.81916666666667,1.9538888888888888,32,,227 R BRETECHELLE,78370,78490
836177,0782700201,1,38,Immeuble,48.893055555555556,2.1347222222222224,"22,2",,"17, r du maréchal Foch",78110,78650
839856,0782700255,2,26,Pylône tubulaire,48.99861111111111,1.6925000000000001,26,,av albert camus,78200,78361
839864,0782700138,2,38,Immeuble,48.80583333333333,2.1327777777777777,17,,4 r andre chenier,78000,78646
839903,0782290345,1,26,Pylône tubulaire,49.00555555555555,1.9019444444444444,"29,5",,r du vexin,78250,78299
839909,0782700164,2,26,Pylône tubulaire,48.975833333333334,1.7197222222222224,27,,1-3 chem cote mateau,78711,78362
85879,0782750055,1,10,Tunnel,48.91138888888889,2.0933333333333333,8,,A 14,78100,78551
867886,0782700228,1,17,Bâtiment,48.81944444444445,2.1216666666666666,"12,5",,r Caruel de St Martin,78150,78158
867890,0782700256,2,38,Immeuble,48.98111111111111,1.71,"23,6",,"6-8,  r de Normandie",78711,78362
867943,0782700105,2,4,Château d'eau - réservoir,49.01166666666666,1.6394444444444445,"18,5",,r emile ledebt,78520,78290
867945,0782700152,1,23,Pylône autostable,48.93666666666666,2.0236111111111112,25,,Stade de Bretagne,78955,78123
867947,0782700153,1,38,Immeuble,48.973055555555554,2.027222222222222,21,,"10- 16, r de l'echo",78570,78138
867956,0782700118,1,38,Immeuble,48.7975,2.1233333333333335,"19,2",,7 r maréchal joffre,78000,78646
867963,0782700204,1,23,Pylône autostable,48.93555555555555,2.051944444444444,34,,SNCF Gare de Frêt,78300,78498
867986,0782700008,1,4,Château d'eau - réservoir,48.99277777777778,2.018333333333333,"29,8",chem des picardes,chem rural n°81 dit des picardes,78510,78624
868001,0782700229,1,38,Immeuble,48.81305555555555,2.124722222222222,17,,5 r exelmans,78000,78646
868005,0782700284,1,23,Pylône autostable,48.81888888888889,1.903611111111111,"26,8",,r de stade,78640,78442
868007,0782700097,2,48,pylône arbre,48.62638888888889,1.8697222222222223,30,,rte du coin du bois,78120,78601
870212,0782700196,1,26,Pylône tubulaire,48.818333333333335,1.9538888888888888,32,,av François Mitterrand,78370,78490
870228,0782700238,3,23,Pylône autostable,48.93666666666666,1.743888888888889,"58,2",,rue des Bois de la plantes,78930,78291
870238,0782700101,1,38,Immeuble,48.81722222222223,2.148888888888889,"18,5",,"13, r du général pershing",78000,78646
870250,0782700302,1,17,Bâtiment,48.84777777777778,2.1494444444444443,12,,3 av des puits,78170,78126
877366,0780230026,1,17,Bâtiment,48.94083333333333,2.035833333333333,10,,199 r du parc,78955,78123
877369,0780030185,3,4,Château d'eau - réservoir,48.901111111111106,2.0372222222222223,30,La butte du Moulin,,78240,78133
878063,0780230004,1,17,Bâtiment,48.76138888888889,1.9305555555555554,13,,37 r de chevreuse,78310,78383
881509,0780230018,1,19,Monument historique,48.692499999999995,2.0330555555555554,25,,CHATEAU DE MERIDON,78460,78160
881833,0780030941,1,23,Pylône autostable,48.92388888888889,2.0016666666666665,19,,CHEM FAUVEAU,78630,78466
889424,0780231104,1,17,Bâtiment,48.89333333333333,2.1663888888888887,20,,6 QUAI WATIER,78400,78146
890379,0780030950,1,17,Bâtiment,48.89833333333333,2.1222222222222222,8,,22 AV ALEXANDRE DUMAS,78110,78650
890381,0780030951,1,17,Bâtiment,48.89861111111111,2.095277777777778,5,,1 pl du chateau,78100,78551
891502,0780030949,1,17,Bâtiment,48.88527777777778,2.156388888888889,7,,r paul flament,78400,78146
895684,0780030700,1,4,Château d'eau - réservoir,48.712500000000006,2.044722222222222,28,,r de la butte des vignes,78460,78160
896342,0782750715,4,23,Pylône autostable,49.020833333333336,1.5397222222222222,"32,4",,V COM. N°4 DE BLARU A LA VILLENEUVE EN CHEVRIE,78270,78668
900806,0780030980,1,17,Bâtiment,48.81083333333333,2.0455555555555556,20,,Place du 8 MAI 1945,78330,78242
901547,0780030033,1,24,Pylône haubané,48.52861111111111,1.831388888888889,85,,GARE DE PEAGE ABLIS A11 PK 32,78660,78003
901984,0780030969,1,17,Bâtiment,48.56888888888889,1.9902777777777778,6,,PEAGE A10 10PR019 DOURDAN ENTREE,78730,78349
901986,0780030972,1,17,Bâtiment,48.57027777777778,1.9902777777777778,6,,PEAGE A10 10PR019 DOURDAN SORTIE,78730,78349
902982,0780030966,1,49,"Ouvrage de signalisation (portique routier, panneau routier)",48.54194444444444,1.9047222222222222,4,,PMV PK26 SENS 2 A11 BROUVILLE,78660,78564
902986,0780030968,1,49,"Ouvrage de signalisation (portique routier, panneau routier)",48.53611111111111,1.8288888888888888,4,,N10 ENTREE ABLIS PARC DES FAURES,78660,78506
906519,0782750713,1,26,Pylône tubulaire,48.99888888888889,1.6922222222222223,24,STADE MUNICIPAL J.P. DAVID,R ALBERT CAMUS,78200,78361
906549,0780990011,2,38,Immeuble,48.80888888888889,2.1516666666666664,"23,2",,13 r de la ceinture,78000,78646
912366,0782290457,1,26,Pylône tubulaire,48.97361111111111,2.039722222222222,"26,3",,r d'alentours,78570,78138
918006,0780230030,1,17,Bâtiment,48.9775,1.6975,10,,"76, rue des Graviers",78200,78354
922528,0782750718,2,26,Pylône tubulaire,48.839444444444446,2.066666666666667,25,,AV DES MOULINEAUX/TERRAIN FOOT N°1,78590,78455
924511,0780030988,1,17,Bâtiment,48.86277777777778,2.0947222222222224,10,,AV DES COMBATTANTS,78160,78372
926066,0780030967,1,49,"Ouvrage de signalisation (portique routier, panneau routier)",48.54277777777778,1.9066666666666665,4,,PMV PK26 SENS A10 BROUVILLE,78730,78499
951133,0780031005,1,42,Mât,48.95388888888889,1.6377777777777778,10,,RD 938 RTE DE FAVRIEUX,78200,78245
955944,0782700319,2,17,Bâtiment,49.0475,1.478888888888889,"14,3",,pl st hilaire,78270,78068
956832,0782290459,1,26,Pylône tubulaire,48.85916666666667,2.131111111111111,16,,6 r du murget,78380,78092
959605,0782750720,1,17,Bâtiment,48.799166666666665,2.038333333333333,4,,11 AV JEAN JAURES,78390,78073
975182,0782290460,3,26,Pylône tubulaire,48.85194444444445,2.049444444444444,24,,Chemin de la pièce à Samson,78590,78455
980954,0780030593,3,38,Immeuble,48.83083333333334,2.126388888888889,40,,177 r de Versailles,78150,78158
989246,0780031083,1,17,Bâtiment,49.0125,2.0877777777777777,10,,R DE L AMBASSADEUR,78700,78172
993776,0782700257,2,23,Pylône autostable,48.774166666666666,1.9533333333333334,"32,1",,Rue du Fond des Roches,78990,78208
995994,0780031104,1,17,Bâtiment,48.7625,1.9172222222222222,7,,AVENUE JOHANNES GUTENBERG,78310,78383
996784,0780031102,2,17,Bâtiment,48.95194444444445,1.8611111111111112,15,,AV DIVISION LECLERC,78410,78029
998144,0780031108,1,42,Mât,48.91166666666666,2.0355555555555553,8,,RTE DE MANTES,78240,78133
